codigo_ibge;nome;sigla_uf;latitude;longitude
5200050;Abadia de Goiás;GO;-16.757300;-49.441200
3100104;Abadia dos Dourados;MG;-18.483100;-47.391600
5200100;Abadiânia;GO;-16.197000;-48.705700
3100203;Abaeté;MG;-19.155100;-45.444400
1500107;Abaetetuba;PA;-1.721830;-48.878800
2300101;Abaiara;CE;-7.345880;-39.041600
2900108;Abaíra;BA;-13.248800;-41.661900
2900207;Abaré;BA;-8.720730;-39.116200
4100103;Abatiá;PR;-23.304900;-50.313300
4200051;Abdon Batista;SC;-27.612600;-51.023300
1500131;Abel Figueiredo;PA;-4.953330;-48.393300
4200101;Abelardo Luz;SC;-26.571600;-52.322900
3100302;Abre Campo;MG;-20.299600;-42.474300
2600054;Abreu e Lima;PE;-7.900720;-34.898400
1700251;Abreulândia;TO;-9.621010;-49.151800
3100401;Acaiaca;MG;-20.359000;-43.143900
2100055;Açailândia;MA;-4.947140;-47.500400
2900306;Acajutiba;BA;-11.657500;-38.019700
1500206;Acará;PA;-1.953830;-48.198500
2300150;Acarape;CE;-4.220830;-38.705500
2300200;Acaraú;CE;-2.887690;-40.118300
2400109;Acari;RN;-6.428200;-36.634700
2200053;Acauã;PI;-8.219540;-41.083100
4300034;Aceguá;RS;-31.866500;-54.161500
2300309;Acopiara;CE;-6.089110;-39.448000
5100102;Acorizal;MT;-15.194000;-56.363200
1200013;Acrelândia;AC;-9.825810;-66.897200
5200134;Acreúna;GO;-17.396000;-50.374900
2400208;Açu;RN;-5.583620;-36.914000
3100500;Açucena;MG;-19.067100;-42.541900
3500105;Adamantina;SP;-21.682000;-51.073700
5200159;Adelândia;GO;-16.412700;-50.165700
3500204;Adolfo;SP;-21.232500;-49.645100
4100202;Adrianópolis;PR;-24.660600;-48.992200
2900355;Adustina;BA;-10.543700;-38.111300
2600104;Afogados da Ingazeira;PE;-7.743120;-37.631000
2400307;Afonso Bezerra;RN;-5.492290;-36.507500
3200102;Afonso Cláudio;ES;-20.077800;-41.126100
2100105;Afonso Cunha;MA;-4.136310;-43.327500
2600203;Afrânio;PE;-8.511360;-41.009500
1500305;Afuá;PA;-0.154874;-50.386100
2600302;Agrestina;PE;-8.459660;-35.944700
2200103;Agricolândia;PI;-5.796760;-42.666400
4200200;Agrolândia;SC;-27.408700;-49.822000
4200309;Agronômica;SC;-27.266200;-49.708000
1500347;Água Azul do Norte;PA;-6.790530;-50.479100
3100609;Água Boa;MG;-17.991400;-42.380600
5100201;Água Boa;MT;-14.051000;-52.160100
2200202;Água Branca;PI;-5.888560;-42.637000
2500106;Água Branca;PB;-7.511440;-37.635700
2700102;Água Branca;AL;-9.262000;-37.938000
5000203;Água Clara;MS;-20.445200;-52.879000
3100708;Água Comprida;MG;-20.057600;-48.106900
4200408;Água Doce;SC;-26.998500;-51.552800
2100154;Água Doce do Maranhão;MA;-2.840480;-42.118900
3200169;Água Doce do Norte;ES;-18.548200;-40.985400
2900405;Água Fria;BA;-11.861800;-38.763900
5200175;Água Fria de Goiás;GO;-14.977800;-47.782300
5200209;Água Limpa;GO;-18.077100;-48.760300
2400406;Água Nova;RN;-6.203510;-38.294100
2600401;Água Preta;PE;-8.706090;-35.526300
4300059;Água Santa;RS;-28.167200;-52.031000
3500303;Aguaí;SP;-22.057200;-46.973500
3100807;Aguanil;MG;-20.943900;-45.391500
2600500;Águas Belas;PE;-9.111250;-37.122600
3500402;Águas da Prata;SP;-21.931900;-46.717600
4200507;Águas de Chapecó;SC;-27.075400;-52.980800
3500501;Águas de Lindóia;SP;-22.473300;-46.631400
3500550;Águas de Santa Bárbara;SP;-22.881200;-49.242100
3500600;Águas de São Pedro;SP;-22.597700;-47.873400
3100906;Águas Formosas;MG;-17.080200;-40.938400
4200556;Águas Frias;SC;-26.879400;-52.856800
5200258;Águas Lindas de Goiás;GO;-15.761700;-48.281600
4200606;Águas Mornas;SC;-27.696300;-48.824300
3101003;Águas Vermelhas;MG;-15.743100;-41.457100
4300109;Agudo;RS;-29.644700;-53.251500
3500709;Agudos;SP;-22.469400;-48.986300
4100301;Agudos do Sul;PR;-25.989900;-49.334300
3200136;Águia Branca;ES;-18.984600;-40.743700
2500205;Aguiar;PB;-7.091800;-38.168100
1700301;Aguiarnópolis;TO;-6.554090;-47.470200
3101102;Aimorés;MG;-19.500700;-41.074600
2900603;Aiquara;BA;-14.126900;-39.893700
2300408;Aiuaba;CE;-6.571220;-40.117800
3101201;Aiuruoca;MG;-21.973600;-44.604200
4300208;Ajuricaba;RS;-28.234200;-53.775700
3101300;Alagoa;MG;-22.171000;-44.641300
2500304;Alagoa Grande;PB;-7.039430;-35.620600
2500403;Alagoa Nova;PB;-7.053770;-35.759100
2500502;Alagoinha;PB;-6.946570;-35.533200
2600609;Alagoinha;PE;-8.466500;-36.778800
2200251;Alagoinha do Piauí;PI;-7.000390;-40.928200
2900702;Alagoinhas;BA;-12.133500;-38.420800
3500758;Alambari;SP;-23.550300;-47.898000
3101409;Albertina;MG;-22.201800;-46.613900
2100204;Alcântara;MA;-2.395740;-44.406200
2300507;Alcântaras;CE;-3.585370;-40.547900
2500536;Alcantil;PB;-7.736680;-36.051100
5000252;Alcinópolis;MS;-18.325500;-53.704200
2900801;Alcobaça;BA;-17.519500;-39.203600
2100303;Aldeias Altas;MA;-4.626210;-43.468900
4300307;Alecrim;RS;-27.657900;-54.764900
3200201;Alegre;ES;-20.758000;-41.538200
4300406;Alegrete;RS;-29.790200;-55.794900
2200277;Alegrete do Piauí;PI;-7.241960;-40.856600
4300455;Alegria;RS;-27.834500;-54.055700
3101508;Além Paraíba;MG;-21.879700;-42.717600
1500404;Alenquer;PA;-1.946230;-54.738400
2400505;Alexandria;RN;-6.405330;-38.014200
5200308;Alexânia;GO;-16.083400;-48.507600
3101607;Alfenas;MG;-21.425600;-45.947700
3200300;Alfredo Chaves;ES;-20.639600;-40.754300
3500808;Alfredo Marcondes;SP;-21.952700;-51.414000
3101631;Alfredo Vasconcelos;MG;-21.153500;-43.771800
4200705;Alfredo Wagner;SC;-27.700100;-49.327300
2500577;Algodão de Jandaíra;PB;-6.892920;-36.012900
2500601;Alhandra;PB;-7.429770;-34.905700
2600708;Aliança;PE;-7.603980;-35.222700
1700350;Aliança do Tocantins;TO;-11.305600;-48.936100
2900900;Almadina;BA;-14.708900;-39.641500
1700400;Almas;TO;-11.570600;-47.179200
1500503;Almeirim;PA;-1.529040;-52.578800
3101706;Almenara;MG;-16.178500;-40.694200
2400604;Almino Afonso;RN;-6.147500;-37.763600
4100400;Almirante Tamandaré;PR;-25.318800;-49.303700
4300471;Almirante Tamandaré do Sul;RS;-28.114900;-52.914200
5200506;Aloândia;GO;-17.729200;-49.476900
3101805;Alpercata;MG;-18.974000;-41.970000
4300505;Alpestre;RS;-27.250200;-53.034100
3101904;Alpinópolis;MG;-20.863100;-46.387800
5100250;Alta Floresta;MT;-9.866740;-56.086700
1100015;Alta Floresta D'Oeste;RO;-11.928300;-61.995300
3500907;Altair;SP;-20.524200;-49.057100
1500602;Altamira;PA;-3.204070;-52.210000
2100402;Altamira do Maranhão;MA;-4.165980;-45.470600
4100459;Altamira do Paraná;PR;-24.798300;-52.712800
2300606;Altaneira;CE;-6.998370;-39.735600
3102001;Alterosa;MG;-21.248800;-46.138700
2600807;Altinho;PE;-8.484820;-36.064400
3501004;Altinópolis;SP;-21.021400;-47.371200
3501103;Alto Alegre;SP;-21.581100;-50.168000
1400050;Alto Alegre;RR;2.988580;-61.307200
4300554;Alto Alegre;RS;-28.776900;-52.989300
2100436;Alto Alegre do Maranhão;MA;-4.213000;-44.446000
2100477;Alto Alegre do Pindaré;MA;-3.666890;-45.842100
1100379;Alto Alegre dos Parecis;RO;-12.132000;-61.835000
5100300;Alto Araguaia;MT;-17.315300;-53.218100
4200754;Alto Bela Vista;SC;-27.433300;-51.904400
5100359;Alto Boa Vista;MT;-11.673200;-51.388300
3102050;Alto Caparaó;MG;-20.431000;-41.873800
2400703;Alto do Rodrigues;RN;-5.281860;-36.750000
4300570;Alto Feliz;RS;-29.391900;-51.312300
5100409;Alto Garças;MT;-16.946200;-53.527200
5200555;Alto Horizonte;GO;-14.197800;-49.337800
3153509;Alto Jequitibá;MG;-20.420800;-41.967000
2200301;Alto Longá;PI;-5.256340;-42.209600
5100508;Alto Paraguai;MT;-14.513700;-56.477600
4128625;Alto Paraíso;PR;-26.114600;-52.746900
1100403;Alto Paraíso;RO;-9.714290;-63.318800
5200605;Alto Paraíso de Goiás;GO;-14.130500;-47.510000
4100608;Alto Paraná;PR;-23.131200;-52.318900
2100501;Alto Parnaíba;MA;-9.102730;-45.930300
4100707;Alto Piquiri;PR;-24.022400;-53.440000
3102100;Alto Rio Doce;MG;-21.028100;-43.406700
3200359;Alto Rio Novo;ES;-19.061800;-41.020900
2300705;Alto Santo;CE;-5.508940;-38.274300
5100607;Alto Taquari;MT;-17.824100;-53.279200
4100509;Altônia;PR;-23.875900;-53.895800
2200400;Altos;PI;-5.038880;-42.461200
3501152;Alumínio;SP;-23.530600;-47.254600
1300029;Alvarães;AM;-3.227270;-64.800700
3102209;Alvarenga;MG;-19.417400;-41.731700
3501202;Álvares Florence;SP;-20.320300;-49.914100
3501301;Álvares Machado;SP;-22.076400;-51.472200
3501400;Álvaro de Carvalho;SP;-22.084100;-49.719000
3501509;Alvinlândia;SP;-22.443500;-49.762300
3102308;Alvinópolis;MG;-20.109800;-43.053500
1700707;Alvorada;TO;-12.478500;-49.124900
4300604;Alvorada;RS;-29.991400;-51.080900
1100346;Alvorada D'Oeste;RO;-11.346300;-62.284700
3102407;Alvorada de Minas;MG;-18.733400;-43.363800
2200459;Alvorada do Gurguéia;PI;-8.424180;-43.777000
5200803;Alvorada do Norte;GO;-14.479700;-46.491000
4100806;Alvorada do Sul;PR;-22.781300;-51.229700
1400027;Amajari;RR;3.645710;-61.369200
5000609;Amambai;MS;-23.105800;-55.225300
1600105;Amapá;AP;2.052670;-50.795700
2100550;Amapá do Maranhão;MA;-1.675240;-46.002400
4100905;Amaporã;PR;-23.094300;-52.786600
2600906;Amaraji;PE;-8.376910;-35.450100
4300638;Amaral Ferrador;RS;-30.875600;-52.250900
5200829;Amaralina;GO;-13.923600;-49.296200
2200509;Amarante;PI;-6.243040;-42.843300
2100600;Amarante do Maranhão;MA;-5.569130;-46.747300
2901007;Amargosa;BA;-13.021500;-39.602000
1300060;Amaturá;AM;-3.374550;-68.200500
2901106;Amélia Rodrigues;BA;-12.391400;-38.756300
2901155;América Dourada;BA;-11.442900;-41.439000
3501608;Americana;SP;-22.737400;-47.333100
5200852;Americano do Brasil;GO;-16.251400;-49.983100
3501707;Américo Brasiliense;SP;-21.728800;-48.114700
3501806;Américo de Campos;SP;-20.298500;-49.735900
4300646;Ametista do Sul;RS;-27.360700;-53.183000
2300754;Amontada;CE;-3.360170;-39.828800
5200902;Amorinópolis;GO;-16.615100;-51.091900
2500734;Amparo;PB;-7.555020;-37.062800
3501905;Amparo;SP;-22.708800;-46.772000
2800100;Amparo de São Francisco;SE;-10.134800;-36.935000
3102506;Amparo do Serra;MG;-20.505100;-42.800900
4101002;Ampére;PR;-25.916800;-53.468600
2700201;Anadia;AL;-9.684890;-36.307800
2901205;Anagé;BA;-14.615100;-41.135600
4101051;Anahy;PR;-24.644900;-53.133200
1500701;Anajás;PA;-0.996811;-49.935400
2100709;Anajatuba;MA;-3.262690;-44.612600
3502002;Analândia;SP;-22.128900;-47.661900
1300086;Anamã;AM;-3.566970;-61.396300
1701002;Ananás;TO;-6.364370;-48.073500
1500800;Ananindeua;PA;-1.363910;-48.374300
5201108;Anápolis;GO;-16.328100;-48.953000
1500859;Anapu;PA;-3.469850;-51.200300
2100808;Anapurus;MA;-3.675770;-43.101400
5000708;Anastácio;MS;-20.482300;-55.810400
5000807;Anaurilândia;MS;-22.185200;-52.719100
4200804;Anchieta;SC;-26.538200;-53.331900
3200409;Anchieta;ES;-20.795500;-40.642500
2901304;Andaraí;BA;-12.804900;-41.329700
4101101;Andirá;PR;-23.053300;-50.230400
2901353;Andorinha;BA;-10.348200;-39.839100
3102605;Andradas;MG;-22.069500;-46.572400
3502101;Andradina;SP;-20.894800;-51.378600
4300661;André da Rocha;RS;-28.628300;-51.579700
3102803;Andrelândia;MG;-21.741100;-44.311700
3502200;Angatuba;SP;-23.491700;-48.413900
3102852;Angelândia;MG;-17.727900;-42.264100
5000856;Angélica;MS;-22.152700;-53.770800
2601003;Angelim;PE;-8.884290;-36.290200
4200903;Angelina;SC;-27.570400;-48.987900
2901403;Angical;BA;-12.006300;-44.700300
2200608;Angical do Piauí;PI;-6.087860;-42.740000
1701051;Angico;TO;-6.391790;-47.861100
2400802;Angicos;RN;-5.657920;-36.609400
3300100;Angra dos Reis;RJ;-23.001100;-44.319600
2901502;Anguera;BA;-12.146200;-39.246200
4101150;Ângulo;PR;-23.194600;-51.915400
5201207;Anhanguera;GO;-18.333900;-48.220400
3502309;Anhembi;SP;-22.793000;-48.133600
3502408;Anhumas;SP;-22.293400;-51.389500
5201306;Anicuns;GO;-16.464200;-49.961700
2200707;Anísio de Abreu;PI;-9.185640;-43.049400
4201000;Anita Garibaldi;SC;-27.689700;-51.127100
4201109;Anitápolis;SC;-27.901200;-49.131600
1300102;Anori;AM;-3.746030;-61.657500
4300703;Anta Gorda;RS;-28.969800;-52.010200
2901601;Antas;BA;-10.385600;-38.340100
4101200;Antonina;PR;-25.438600;-48.719100
2300804;Antonina do Norte;CE;-6.769190;-39.987000
2200806;Antônio Almeida;PI;-7.212760;-44.188900
2901700;Antônio Cardoso;BA;-12.433500;-39.117600
4201208;Antônio Carlos;SC;-27.519100;-48.766000
3102902;Antônio Carlos;MG;-21.321000;-43.745100
3103009;Antônio Dias;MG;-19.649100;-42.873200
2901809;Antônio Gonçalves;BA;-10.576700;-40.278500
5000906;Antônio João;MS;-22.192700;-55.951700
2400901;Antônio Martins;RN;-6.213670;-37.883400
4101309;Antônio Olinto;PR;-25.980400;-50.197200
4300802;Antônio Prado;RS;-28.856500;-51.288300
3103108;Antônio Prado de Minas;MG;-21.019200;-42.110900
2500775;Aparecida;PB;-6.784660;-38.080300
3502507;Aparecida;SP;-22.849500;-45.232500
3502606;Aparecida d'Oeste;SP;-20.448700;-50.883500
5201405;Aparecida de Goiânia;GO;-16.819800;-49.246900
5201454;Aparecida do Rio Doce;GO;-18.294100;-51.151600
1701101;Aparecida do Rio Negro;TO;-9.941390;-47.963800
5001003;Aparecida do Taboado;MS;-20.087300;-51.096100
3300159;Aperibé;RJ;-21.625200;-42.101700
3200508;Apiacá;ES;-21.152300;-41.569300
5100805;Apiacás;MT;-9.539810;-57.458700
3502705;Apiaí;SP;-24.510800;-48.844300
2100832;Apicum-Açu;MA;-1.458620;-45.086400
4201257;Apiúna;SC;-27.037500;-49.388500
2401008;Apodi;RN;-5.653490;-37.794600
2901908;Aporá;BA;-11.657700;-38.081400
5201504;Aporé;GO;-18.960700;-51.923200
2901957;Apuarema;BA;-13.854200;-39.750100
4101408;Apucarana;PR;-23.550000;-51.463500
1300144;Apuí;AM;-7.194090;-59.896000
2300903;Apuiarés;CE;-3.945060;-39.435900
2800209;Aquidabã;SE;-10.278000;-37.014800
5001102;Aquidauana;MS;-20.466600;-55.786800
2301000;Aquiraz;CE;-3.899290;-38.389600
4201273;Arabutã;SC;-27.158700;-52.142300
2500809;Araçagi;PB;-6.843740;-35.373700
3103207;Araçaí;MG;-19.195500;-44.249300
2800308;Aracaju;SE;-10.909100;-37.067700
3502754;Araçariguama;SP;-23.436600;-47.060800
2902054;Araças;BA;-12.220000;-38.202700
2301109;Aracati;CE;-4.558260;-37.767900
2902005;Aracatu;BA;-14.428000;-41.464800
3502804;Araçatuba;SP;-21.207600;-50.440100
2902104;Araci;BA;-11.325300;-38.958400
3103306;Aracitaba;MG;-21.344600;-43.373600
2601052;Araçoiaba;PE;-7.783910;-35.080900
2301208;Aracoiaba;CE;-4.368720;-38.812500
3502903;Araçoiaba da Serra;SP;-23.502900;-47.616600
3200607;Aracruz;ES;-19.820000;-40.276400
5201603;Araçu;GO;-16.356300;-49.680400
3103405;Araçuaí;MG;-16.852300;-42.063700
5201702;Aragarças;GO;-15.895500;-52.237200
5201801;Aragoiânia;GO;-16.908700;-49.447600
1701309;Aragominas;TO;-7.160050;-48.529100
1701903;Araguacema;TO;-8.807550;-49.556900
1702000;Araguaçu;TO;-12.928900;-49.823100
5101001;Araguaiana;MT;-15.729100;-51.834100
1702109;Araguaína;TO;-7.192380;-48.204400
5101209;Araguainha;MT;-16.857000;-53.031800
1702158;Araguanã;TO;-6.582250;-48.639500
2100873;Araguanã;MA;-2.946440;-45.658900
5202155;Araguapaz;GO;-15.090900;-50.631500
3103504;Araguari;MG;-18.645600;-48.193400
1702208;Araguatins;TO;-5.646590;-48.123200
2100907;Araioses;MA;-2.890910;-41.905000
5001243;Aral Moreira;MS;-22.938500;-55.633400
2902203;Aramari;BA;-12.088400;-38.496900
4300851;Arambaré;RS;-30.909200;-51.504600
2100956;Arame;MA;-4.883470;-46.003200
3503000;Aramina;SP;-20.088200;-47.787300
3503109;Arandu;SP;-23.138600;-49.048700
3103603;Arantina;MG;-21.910200;-44.255500
3503158;Arapeí;SP;-22.671700;-44.444100
2700300;Arapiraca;AL;-9.754870;-36.661500
1702307;Arapoema;TO;-7.654630;-49.063700
3103702;Araponga;MG;-20.668600;-42.517800
4101507;Arapongas;PR;-23.415300;-51.425900
3103751;Araporã;MG;-18.435700;-49.184700
4101606;Arapoti;PR;-24.154800;-49.828500
4101655;Arapuã;PR;-24.313200;-51.785600
3103801;Arapuá;MG;-19.026800;-46.148400
5101258;Araputanga;MT;-15.464100;-58.342500
4201307;Araquari;SC;-26.375400;-48.718800
2500908;Arara;PB;-6.828130;-35.755200
4201406;Araranguá;SC;-28.935600;-49.491800
3503208;Araraquara;SP;-21.784500;-48.178000
3503307;Araras;SP;-22.357200;-47.384200
2301257;Ararendá;CE;-4.745670;-40.831000
2101004;Arari;MA;-3.452140;-44.766500
4300877;Araricá;RS;-29.616800;-50.929100
2301307;Araripe;CE;-7.213190;-40.135900
2601102;Araripina;PE;-7.570730;-40.494000
3300209;Araruama;RJ;-22.869700;-42.332600
4101705;Araruna;PR;-23.931500;-52.502100
2501005;Araruna;PB;-6.548480;-35.749800
2902252;Arataca;BA;-15.265100;-39.419000
4300901;Aratiba;RS;-27.397800;-52.297500
2301406;Aratuba;CE;-4.412290;-39.047100
2902302;Aratuípe;BA;-13.071600;-39.003800
2800407;Arauá;SE;-11.261400;-37.620100
4101804;Araucária;PR;-25.585900;-49.404700
3103900;Araújos;MG;-19.940500;-45.167100
3104007;Araxá;MG;-19.590200;-46.943800
3104106;Arceburgo;MG;-21.359000;-46.940100
3503356;Arco-Íris;SP;-21.772800;-50.466000
3104205;Arcos;MG;-20.286300;-45.537300
2601201;Arcoverde;PE;-8.415190;-37.057700
3104304;Areado;MG;-21.357200;-46.142100
3300225;Areal;RJ;-22.228300;-43.111800
3503406;Arealva;SP;-22.031000;-48.913500
2501104;Areia;PB;-6.963960;-35.697700
2401107;Areia Branca;RN;-4.952540;-37.125200
2800506;Areia Branca;SE;-10.758000;-37.325100
2501153;Areia de Baraúnas;PB;-7.117020;-36.940400
2501203;Areial;PB;-7.047890;-35.931300
3503505;Areias;SP;-22.578600;-44.699200
3503604;Areiópolis;SP;-22.667200;-48.668100
5101308;Arenápolis;MT;-14.447200;-56.843700
5202353;Arenópolis;GO;-16.383700;-51.556300
2401206;Arês;RN;-6.188310;-35.160800
3104403;Argirita;MG;-21.608300;-42.829200
3104452;Aricanduva;MG;-17.866600;-42.553300
3104502;Arinos;MG;-15.918700;-46.104300
5101407;Aripuanã;MT;-10.172300;-59.456800
1100023;Ariquemes;RO;-9.905710;-63.032500
3503703;Ariranha;SP;-21.187200;-48.790400
4101853;Ariranha do Ivaí;PR;-24.385700;-51.583900
3300233;Armação dos Búzios;RJ;-22.752800;-41.884600
4201505;Armazém;SC;-28.244800;-49.021500
2301505;Arneiroz;CE;-6.316500;-40.165300
2200905;Aroazes;PI;-6.110220;-41.782200
2501302;Aroeiras;PB;-7.544730;-35.706600
2200954;Aroeiras do Itaim;PI;-7.245020;-41.532500
2201002;Arraial;PI;-6.650750;-42.541800
3300258;Arraial do Cabo;RJ;-22.977400;-42.026700
1702406;Arraias;TO;-12.928700;-46.935900
4301008;Arroio do Meio;RS;-29.401400;-51.955700
4301073;Arroio do Padre;RS;-31.438900;-52.424600
4301057;Arroio do Sal;RS;-29.543900;-49.889500
4301206;Arroio do Tigre;RS;-29.334800;-53.096600
4301107;Arroio dos Ratos;RS;-30.087500;-51.727500
4301305;Arroio Grande;RS;-32.232700;-53.086200
4201604;Arroio Trinta;SC;-26.925700;-51.340700
3503802;Artur Nogueira;SP;-22.572700;-47.172700
5202502;Aruanã;GO;-14.916600;-51.075000
3503901;Arujá;SP;-23.396500;-46.320000
4201653;Arvoredo;SC;-27.074800;-52.454300
4301404;Arvorezinha;RS;-28.873700;-52.178100
4201703;Ascurra;SC;-26.954800;-49.378300
3503950;Aspásia;SP;-20.160000;-50.728000
4101903;Assaí;PR;-23.369700;-50.845900
2301604;Assaré;CE;-6.866900;-39.868900
3504008;Assis;SP;-22.660000;-50.418300
1200054;Assis Brasil;AC;-10.929800;-69.573800
4102000;Assis Chateaubriand;PR;-24.416800;-53.521300
2501351;Assunção;PB;-7.072310;-36.725000
2201051;Assunção do Piauí;PI;-5.865000;-41.038900
3104601;Astolfo Dutra;MG;-21.318400;-42.857200
4102109;Astorga;PR;-23.231800;-51.666800
4102208;Atalaia;PR;-23.151700;-52.055100
2700409;Atalaia;AL;-9.511900;-36.008600
1300201;Atalaia do Norte;AM;-4.370550;-70.196700
4201802;Atalanta;SC;-27.421900;-49.778900
3104700;Ataléia;MG;-18.043800;-41.114900
3504107;Atibaia;SP;-23.117100;-46.556300
3200706;Atilio Vivacqua;ES;-20.913000;-41.198600
1702554;Augustinópolis;TO;-5.468630;-47.886300
1500909;Augusto Corrêa;PA;-1.051090;-46.614700
3104809;Augusto de Lima;MG;-18.099700;-44.265500
4301503;Augusto Pestana;RS;-28.517200;-53.988300
2401305;Augusto Severo (Campo Grande);RN;-5.862060;-37.313500
4301552;Áurea;RS;-27.693600;-52.050500
2902401;Aurelino Leal;BA;-14.321000;-39.329000
3504206;Auriflama;SP;-20.683600;-50.557200
5202601;Aurilândia;GO;-16.677300;-50.464100
2301703;Aurora;CE;-6.933490;-38.974200
4201901;Aurora;SC;-27.309800;-49.629500
1500958;Aurora do Pará;PA;-2.148980;-47.567700
1702703;Aurora do Tocantins;TO;-12.710500;-46.407600
1300300;Autazes;AM;-3.585740;-59.125600
3504305;Avaí;SP;-22.151400;-49.335600
3504404;Avanhandava;SP;-21.458400;-49.950900
3504503;Avaré;SP;-23.106700;-48.925100
1501006;Aveiro;PA;-3.608410;-55.319900
2201101;Avelino Lopes;PI;-10.134500;-43.956300
5202809;Avelinópolis;GO;-16.467200;-49.757900
2101103;Axixá;MA;-2.839390;-44.062000
1702901;Axixá do Tocantins;TO;-5.612750;-47.770100
1703008;Babaçulândia;TO;-7.209230;-47.761300
2101202;Bacabal;MA;-4.224470;-44.783200
2101251;Bacabeira;MA;-2.964520;-44.316400
2101301;Bacuri;MA;-1.696500;-45.132800
2101350;Bacurituba;MA;-2.710000;-44.732900
3504602;Bady Bassitt;SP;-20.919700;-49.438500
3104908;Baependi;MG;-21.957000;-44.887400
4301602;Bagé;RS;-31.329700;-54.099900
1501105;Bagre;PA;-1.900570;-50.198700
2501401;Baía da Traição;PB;-6.692090;-34.938100
2401404;Baía Formosa;RN;-6.371610;-35.003300
2902500;Baianópolis;BA;-12.301600;-44.538800
1501204;Baião;PA;-2.790210;-49.669400
2902609;Baixa Grande;BA;-11.951900;-40.169000
2201150;Baixa Grande do Ribeiro;PI;-7.849030;-45.219000
2301802;Baixio;CE;-6.719450;-38.713400
3200805;Baixo Guandu;ES;-19.521300;-41.010900
3504701;Balbinos;SP;-21.896300;-49.361900
3105004;Baldim;MG;-19.283200;-43.961300
5203104;Baliza;GO;-16.196600;-52.539300
4201950;Balneário Arroio do Silva;SC;-28.980600;-49.423700
4202057;Balneário Barra do Sul;SC;-26.459700;-48.612300
4202008;Balneário Camboriú;SC;-26.992600;-48.635200
4202073;Balneário Gaivota;SC;-29.152700;-49.584100
4212809;Balneário Piçarras;SC;-26.763900;-48.671700
4301636;Balneário Pinhal;RS;-30.241900;-50.233700
4220000;Balneário Rincão;SC;-28.831400;-49.235200
4102307;Balsa Nova;PR;-25.580400;-49.629100
3504800;Bálsamo;SP;-20.734800;-49.586500
2101400;Balsas;MA;-7.532140;-46.037200
3105103;Bambuí;MG;-20.016600;-45.975400
2301851;Banabuiú;CE;-5.304540;-38.913200
3504909;Bananal;SP;-22.681900;-44.328100
2501500;Bananeiras;PB;-6.747750;-35.624600
3105202;Bandeira;MG;-15.878300;-40.562200
3105301;Bandeira do Sul;MG;-21.730800;-46.383300
4202081;Bandeirante;SC;-26.770500;-53.641300
5001508;Bandeirantes;MS;-19.927500;-54.358500
4102406;Bandeirantes;PR;-23.107800;-50.370400
1703057;Bandeirantes do Tocantins;TO;-7.756120;-48.583600
1501253;Bannach;PA;-7.347790;-50.395900
2902658;Banzaê;BA;-10.578800;-38.621200
4301651;Barão;RS;-29.372500;-51.494900
3505005;Barão de Antonina;SP;-23.628400;-49.563400
3105400;Barão de Cocais;MG;-19.938900;-43.475500
4301701;Barão de Cotegipe;RS;-27.620800;-52.379800
2101509;Barão de Grajaú;MA;-6.744630;-43.026100
5101605;Barão de Melgaço;MT;-16.206700;-55.962300
3105509;Barão de Monte Alto;MG;-21.244400;-42.237200
4301750;Barão do Triunfo;RS;-30.389100;-51.738400
2401453;Baraúna;RN;-5.069770;-37.612900
2501534;Baraúna;PB;-6.634840;-36.260100
3105608;Barbacena;MG;-21.221400;-43.770300
2301901;Barbalha;CE;-7.298200;-39.302100
3505104;Barbosa;SP;-21.265700;-49.951800
4102505;Barbosa Ferraz;PR;-24.033400;-52.004000
1501303;Barcarena;PA;-1.511870;-48.619500
2401503;Barcelona;RN;-5.942840;-35.924700
1300409;Barcelos;AM;-0.983373;-62.931100
3505203;Bariri;SP;-22.073000;-48.743800
2902708;Barra;BA;-11.085900;-43.145900
4202099;Barra Bonita;SC;-26.654000;-53.440000
3505302;Barra Bonita;SP;-22.490900;-48.558300
2201176;Barra D'Alcântara;PI;-6.516450;-42.114600
2902807;Barra da Estiva;BA;-13.623700;-41.334700
2601300;Barra de Guabiraba;PE;-8.420750;-35.658500
2501609;Barra de Santa Rosa;PB;-6.718160;-36.067100
2501575;Barra de Santana;PB;-7.518090;-35.991300
2700508;Barra de Santo Antônio;AL;-9.402300;-35.510100
3200904;Barra de São Francisco;ES;-18.754800;-40.896500
2501708;Barra de São Miguel;PB;-7.746030;-36.320900
2700607;Barra de São Miguel;AL;-9.838420;-35.905700
5101704;Barra do Bugres;MT;-15.070200;-57.187800
3505351;Barra do Chapéu;SP;-24.472200;-49.023800
2902906;Barra do Choça;BA;-14.865400;-40.579100
2101608;Barra do Corda;MA;-5.496820;-45.248500
5101803;Barra do Garças;MT;-15.880400;-52.264000
4301859;Barra do Guarita;RS;-27.192700;-53.710900
4102703;Barra do Jacaré;PR;-23.116000;-50.184200
2903003;Barra do Mendes;BA;-11.810000;-42.059000
1703073;Barra do Ouro;TO;-7.695930;-47.677600
3300308;Barra do Piraí;RJ;-22.471500;-43.826900
4301875;Barra do Quaraí;RS;-30.202900;-57.549700
4301909;Barra do Ribeiro;RS;-30.293900;-51.301400
4301925;Barra do Rio Azul;RS;-27.406900;-52.408400
2903102;Barra do Rocha;BA;-14.200000;-39.599100
3505401;Barra do Turvo;SP;-24.759000;-48.501300
2800605;Barra dos Coqueiros;SE;-10.899600;-37.032300
4301958;Barra Funda;RS;-27.920500;-53.039100
3105707;Barra Longa;MG;-20.286900;-43.040200
3300407;Barra Mansa;RJ;-22.548100;-44.175200
4202107;Barra Velha;SC;-26.637000;-48.693300
4301800;Barracão;RS;-27.673900;-51.458500
4102604;Barracão;PR;-26.250200;-53.632400
2201200;Barras;PI;-4.244680;-42.292200
2301950;Barreira;CE;-4.289210;-38.642900
2903201;Barreiras;BA;-12.143900;-44.996800
2201309;Barreiras do Piauí;PI;-9.929600;-45.470200
1300508;Barreirinha;AM;-2.798860;-57.067900
2101707;Barreirinhas;MA;-2.758630;-42.823200
2601409;Barreiros;PE;-8.816050;-35.183200
3505500;Barretos;SP;-20.553100;-48.569800
3505609;Barrinha;SP;-21.186400;-48.163600
2302008;Barro;CE;-7.171880;-38.774100
2903235;Barro Alto;BA;-11.760500;-41.905400
5203203;Barro Alto;GO;-14.965800;-48.908600
2201408;Barro Duro;PI;-5.816730;-42.514700
2903300;Barro Preto;BA;-14.794800;-39.476000
2903276;Barrocas;BA;-11.527200;-39.077600
1703107;Barrolândia;TO;-9.834040;-48.725200
2302057;Barroquinha;CE;-3.020510;-41.135800
4302006;Barros Cassal;RS;-29.094700;-52.583600
3105905;Barroso;MG;-21.190700;-43.972000
3505708;Barueri;SP;-23.505700;-46.879000
3505807;Bastos;SP;-21.921000;-50.735700
5001904;Bataguassu;MS;-21.715900;-52.422100
2201507;Batalha;PI;-4.022300;-42.078700
2700706;Batalha;AL;-9.674200;-37.133000
3505906;Batatais;SP;-20.892900;-47.592100
5002001;Batayporã;MS;-22.294400;-53.270500
2302107;Baturité;CE;-4.325980;-38.881200
3506003;Bauru;SP;-22.324600;-49.087100
2501807;Bayeux;PB;-7.123800;-34.929300
3506102;Bebedouro;SP;-20.949100;-48.479100
2302206;Beberibe;CE;-4.177410;-38.127100
2302305;Bela Cruz;CE;-3.049960;-40.167100
5002100;Bela Vista;MS;-22.107300;-56.526300
4102752;Bela Vista da Caroba;PR;-25.884200;-53.672500
5203302;Bela Vista de Goiás;GO;-16.969300;-48.951300
3106002;Bela Vista de Minas;MG;-19.830200;-43.092200
2101772;Bela Vista do Maranhão;MA;-3.726180;-45.307500
4102802;Bela Vista do Paraíso;PR;-22.993700;-51.192700
2201556;Bela Vista do Piauí;PI;-7.988090;-41.867500
4202131;Bela Vista do Toldo;SC;-26.274600;-50.466400
2101731;Belágua;MA;-3.154850;-43.512200
1501402;Belém;PA;-1.455400;-48.489800
2501906;Belém;PB;-6.742610;-35.516600
2700805;Belém;AL;-9.570470;-36.490400
2601508;Belém de Maria;PE;-8.625040;-35.833500
2502003;Belém do Brejo do Cruz;PB;-6.185150;-37.534800
2201572;Belém do Piauí;PI;-7.366520;-40.968800
2601607;Belém do São Francisco;PE;-8.750460;-38.962300
3300456;Belford Roxo;RJ;-22.764000;-43.399200
3106101;Belmiro Braga;MG;-21.944000;-43.408400
4202156;Belmonte;SC;-26.843000;-53.575800
2903409;Belmonte;BA;-15.860800;-38.875800
2903508;Belo Campo;BA;-15.033400;-41.265200
3106200;Belo Horizonte;MG;-19.910200;-43.926600
2601706;Belo Jardim;PE;-8.331300;-36.425800
2700904;Belo Monte;AL;-9.822720;-37.277000
3106309;Belo Oriente;MG;-19.219900;-42.482800
3106408;Belo Vale;MG;-20.407700;-44.027500
1501451;Belterra;PA;-2.636090;-54.937400
2201606;Beneditinos;PI;-5.456760;-42.363800
2101806;Benedito Leite;MA;-7.210370;-44.557700
4202206;Benedito Novo;SC;-26.781000;-49.359300
1501501;Benevides;PA;-1.361830;-48.243400
1300607;Benjamin Constant;AM;-4.377680;-70.034200
4302055;Benjamin Constant do Sul;RS;-27.508600;-52.599500
3506201;Bento de Abreu;SP;-21.268600;-50.814000
2401602;Bento Fernandes;RN;-5.699060;-35.813000
4302105;Bento Gonçalves;RS;-29.166200;-51.516500
2101905;Bequimão;MA;-2.441620;-44.784200
3106507;Berilo;MG;-16.956700;-42.460600
3106655;Berizal;MG;-15.610000;-41.743200
2502052;Bernardino Batista;PB;-6.445720;-38.552100
3506300;Bernardino de Campos;SP;-23.016400;-49.467900
2101939;Bernardo do Mearim;MA;-4.626660;-44.760800
1703206;Bernardo Sayão;TO;-7.874810;-48.889300
3506359;Bertioga;SP;-23.848600;-46.139600
2201705;Bertolínia;PI;-7.633380;-43.949800
3106606;Bertópolis;MG;-17.059000;-40.580000
1300631;Beruri;AM;-3.898740;-61.361600
2601805;Betânia;PE;-8.267870;-38.034500
2201739;Betânia do Piauí;PI;-8.143760;-40.798900
3106705;Betim;MG;-19.966800;-44.200800
2601904;Bezerros;PE;-8.232800;-35.796000
3106804;Bias Fortes;MG;-21.602000;-43.757400
3106903;Bicas;MG;-21.723200;-43.056000
4202305;Biguaçu;SC;-27.496000;-48.659800
3506409;Bilac;SP;-21.404000;-50.474600
3107000;Biquinhas;MG;-18.775400;-45.497400
3506508;Birigui;SP;-21.291000;-50.343200
3506607;Biritiba-Mirim;SP;-23.569800;-46.040700
2903607;Biritinga;BA;-11.607200;-38.805100
4102901;Bituruna;PR;-26.160700;-51.551800
4202404;Blumenau;SC;-26.915500;-49.070900
4103008;Boa Esperança;PR;-24.246700;-52.787600
3107109;Boa Esperança;MG;-21.092700;-45.561200
3201001;Boa Esperança;ES;-18.539500;-40.302500
4103024;Boa Esperança do Iguaçu;PR;-25.632400;-53.210800
3506706;Boa Esperança do Sul;SP;-21.991800;-48.390600
2201770;Boa Hora;PI;-4.414040;-42.135700
2903706;Boa Nova;BA;-14.359800;-40.206400
2502102;Boa Ventura;PB;-7.409820;-38.211300
4103040;Boa Ventura de São Roque;PR;-24.868800;-51.627600
2302404;Boa Viagem;CE;-5.112580;-39.733700
1400100;Boa Vista;RR;2.823840;-60.675300
2502151;Boa Vista;PB;-7.263650;-36.235700
4103057;Boa Vista da Aparecida;PR;-25.430800;-53.411700
4302154;Boa Vista das Missões;RS;-27.667100;-53.310200
4302204;Boa Vista do Buricá;RS;-27.669300;-54.108200
4302220;Boa Vista do Cadeado;RS;-28.579100;-53.810800
2101970;Boa Vista do Gurupi;MA;-1.776140;-46.300200
4302238;Boa Vista do Incra;RS;-28.818500;-53.391000
1300680;Boa Vista do Ramos;AM;-2.974090;-57.587300
4302253;Boa Vista do Sul;RS;-29.354400;-51.668700
2903805;Boa Vista do Tupim;BA;-12.649800;-40.606400
2701001;Boca da Mata;AL;-9.643080;-36.212500
1300706;Boca do Acre;AM;-8.742320;-67.391900
2201804;Bocaina;PI;-6.941240;-41.316800
3506805;Bocaina;SP;-22.136500;-48.523000
3107208;Bocaina de Minas;MG;-22.169700;-44.397200
4202438;Bocaina do Sul;SC;-27.745500;-49.942300
3107307;Bocaiúva;MG;-17.113500;-43.810400
4103107;Bocaiúva do Sul;PR;-25.206600;-49.114100
2401651;Bodó;RN;-5.980270;-36.416700
2602001;Bodocó;PE;-7.777590;-39.933800
5002159;Bodoquena;MS;-20.537000;-56.712700
3506904;Bofete;SP;-23.105500;-48.258200
3507001;Boituva;SP;-23.285500;-47.678600
2602100;Bom Conselho;PE;-9.169190;-36.685700
3107406;Bom Despacho;MG;-19.738600;-45.262200
3300506;Bom Jardim;RJ;-22.154500;-42.425100
2602209;Bom Jardim;PE;-7.796950;-35.578400
2102002;Bom Jardim;MA;-3.541290;-45.606000
4202503;Bom Jardim da Serra;SC;-28.337700;-49.637300
5203401;Bom Jardim de Goiás;GO;-16.206300;-52.172800
3107505;Bom Jardim de Minas;MG;-21.947900;-44.188500
4202537;Bom Jesus;SC;-26.732600;-52.391900
4302303;Bom Jesus;RS;-28.669700;-50.429500
2201903;Bom Jesus;PI;-9.071240;-44.359000
2401701;Bom Jesus;RN;-5.986480;-35.579200
2502201;Bom Jesus;PB;-6.816010;-38.645300
2903904;Bom Jesus da Lapa;BA;-13.250600;-43.410800
3107604;Bom Jesus da Penha;MG;-21.014800;-46.517400
2903953;Bom Jesus da Serra;BA;-14.366300;-40.512600
2102036;Bom Jesus das Selvas;MA;-4.476380;-46.864100
5203500;Bom Jesus de Goiás;GO;-18.217300;-49.740000
3107703;Bom Jesus do Amparo;MG;-19.705400;-43.478200
5101852;Bom Jesus do Araguaia;MT;-12.170600;-51.503200
3107802;Bom Jesus do Galho;MG;-19.836000;-42.316500
3300605;Bom Jesus do Itabapoana;RJ;-21.144900;-41.682200
3201100;Bom Jesus do Norte;ES;-21.117300;-41.673100
4202578;Bom Jesus do Oeste;SC;-26.692700;-53.096700
4103156;Bom Jesus do Sul;PR;-26.195800;-53.595500
1501576;Bom Jesus do Tocantins;PA;-5.042400;-48.604700
1703305;Bom Jesus do Tocantins;TO;-8.963060;-48.165000
3507100;Bom Jesus dos Perdões;SP;-23.135600;-46.467500
2102077;Bom Lugar;MA;-4.373110;-45.032600
4302352;Bom Princípio;RS;-29.485600;-51.354800
2201919;Bom Princípio do Piauí;PI;-3.196310;-41.640300
4302378;Bom Progresso;RS;-27.539900;-53.871600
3107901;Bom Repouso;MG;-22.467500;-46.144000
4202602;Bom Retiro;SC;-27.799000;-49.487000
4302402;Bom Retiro do Sul;RS;-29.607100;-51.945600
3108008;Bom Sucesso;MG;-21.032900;-44.753700
4103206;Bom Sucesso;PR;-23.706300;-51.767100
2502300;Bom Sucesso;PB;-6.441760;-37.923400
3507159;Bom Sucesso de Itararé;SP;-24.315500;-49.145100
4103222;Bom Sucesso do Sul;PR;-26.073100;-52.835300
4202453;Bombinhas;SC;-27.138200;-48.514600
1400159;Bonfim;RR;3.361610;-59.833300
3108107;Bonfim;MG;-20.330200;-44.236600
2201929;Bonfim do Piauí;PI;-9.160500;-42.886500
5203559;Bonfinópolis;GO;-16.617300;-48.961600
3108206;Bonfinópolis de Minas;MG;-16.568000;-45.983900
2904001;Boninal;BA;-12.706900;-41.828600
2602308;Bonito;PE;-8.471630;-35.729200
2904050;Bonito;BA;-11.966800;-41.264700
1501600;Bonito;PA;-1.367450;-47.306600
5002209;Bonito;MS;-21.126100;-56.483600
3108255;Bonito de Minas;MG;-15.323100;-44.754300
2502409;Bonito de Santa Fé;PB;-7.313410;-38.513300
5203575;Bonópolis;GO;-13.632900;-49.810600
2502508;Boqueirão;PB;-7.487000;-36.130900
4302451;Boqueirão do Leão;RS;-29.304600;-52.428400
2201945;Boqueirão do Piauí;PI;-4.481810;-42.121200
2800670;Boquim;SE;-11.139700;-37.619500
2904100;Boquira;BA;-12.820500;-42.732400
3507209;Borá;SP;-22.269600;-50.540900
3507308;Boracéia;SP;-22.192600;-48.780800
1300805;Borba;AM;-4.391540;-59.587400
2502706;Borborema;PB;-6.801990;-35.618700
3507407;Borborema;SP;-21.621400;-49.074100
3108305;Borda da Mata;MG;-22.270700;-46.165300
3507456;Borebi;SP;-22.572800;-48.970700
4103305;Borrazópolis;PR;-23.936600;-51.587500
4302501;Bossoroca;RS;-28.729100;-54.903500
3108404;Botelhos;MG;-21.641200;-46.391000
3507506;Botucatu;SP;-22.883700;-48.443700
3108503;Botumirim;MG;-16.865700;-43.008600
2904209;Botuporã;BA;-13.377200;-42.516300
4202701;Botuverá;SC;-27.200700;-49.068900
4302584;Bozano;RS;-28.365900;-53.772000
4202800;Braço do Norte;SC;-28.268100;-49.170100
4202859;Braço do Trombudo;SC;-27.358600;-49.882100
4302600;Braga;RS;-27.617300;-53.740500
1501709;Bragança;PA;-1.061260;-46.782600
3507605;Bragança Paulista;SP;-22.952700;-46.541900
4103354;Braganey;PR;-24.817300;-53.121800
2701100;Branquinha;AL;-9.233420;-36.016200
3108701;Brás Pires;MG;-20.841900;-43.240600
1501725;Brasil Novo;PA;-3.297920;-52.534000
5002308;Brasilândia;MS;-21.254400;-52.036500
3108552;Brasilândia de Minas;MG;-16.999900;-46.008100
4103370;Brasilândia do Sul;PR;-24.197800;-53.527500
1703602;Brasilândia do Tocantins;TO;-8.389180;-48.482200
1200104;Brasiléia;AC;-10.995000;-68.749700
2201960;Brasileira;PI;-4.133700;-41.785900
5300108;Brasília;DF;-15.779500;-47.929700
3108602;Brasília de Minas;MG;-16.210400;-44.429900
5101902;Brasnorte;MT;-12.147400;-57.983300
3507704;Braúna;SP;-21.499000;-50.317500
3108800;Braúnas;MG;-19.056200;-42.709900
5203609;Brazabrantes;GO;-16.428100;-49.386300
3108909;Brazópolis;MG;-22.474300;-45.616600
2602407;Brejão;PE;-9.029150;-36.566000
3201159;Brejetuba;ES;-20.139500;-41.295400
2401800;Brejinho;RN;-6.185660;-35.359100
2602506;Brejinho;PE;-7.346940;-37.286500
1703701;Brejinho de Nazaré;TO;-11.005800;-48.568300
2102101;Brejo;MA;-3.677960;-42.752700
3507753;Brejo Alegre;SP;-21.165100;-50.186100
2602605;Brejo da Madre de Deus;PE;-8.149330;-36.374100
2102150;Brejo de Areia;MA;-4.334000;-45.581000
2502805;Brejo do Cruz;PB;-6.341850;-37.494300
2201988;Brejo do Piauí;PI;-8.203140;-42.822900
2502904;Brejo dos Santos;PB;-6.370650;-37.825300
2800704;Brejo Grande;SE;-10.429700;-36.461100
1501758;Brejo Grande do Araguaia;PA;-5.698220;-48.410300
2302503;Brejo Santo;CE;-7.484690;-38.979900
2904308;Brejões;BA;-13.103900;-39.798800
2904407;Brejolândia;BA;-12.481500;-43.967900
1501782;Breu Branco;PA;-3.771910;-49.573500
1501808;Breves;PA;-1.680360;-50.479100
5203807;Britânia;GO;-15.242800;-51.160200
4302659;Brochier;RS;-29.550100;-51.594500
3507803;Brodowski;SP;-20.984500;-47.657200
3507902;Brotas;SP;-22.279500;-48.125100
2904506;Brotas de Macaúbas;BA;-11.991500;-42.632600
3109006;Brumadinho;MG;-20.151000;-44.200700
2904605;Brumado;BA;-14.202100;-41.669600
4202875;Brunópolis;SC;-27.305800;-50.868400
4202909;Brusque;SC;-27.097700;-48.910700
3109105;Bueno Brandão;MG;-22.438300;-46.349100
3109204;Buenópolis;MG;-17.874400;-44.177500
2602704;Buenos Aires;PE;-7.724490;-35.318200
2904704;Buerarema;BA;-14.959500;-39.302800
3109253;Bugre;MG;-19.423100;-42.255200
2602803;Buíque;PE;-8.619540;-37.160600
1200138;Bujari;AC;-9.815280;-67.955000
1501907;Bujaru;PA;-1.517620;-48.038100
3508009;Buri;SP;-23.797700;-48.595800
3508108;Buritama;SP;-21.066100;-50.147500
2102200;Buriti;MA;-3.941690;-42.917900
5203906;Buriti Alegre;GO;-18.137800;-49.040400
2102309;Buriti Bravo;MA;-5.832390;-43.835300
5203939;Buriti de Goiás;GO;-16.179200;-50.430200
1703800;Buriti do Tocantins;TO;-5.314480;-48.227100
2202000;Buriti dos Lopes;PI;-3.182590;-41.869500
2202026;Buriti dos Montes;PI;-5.305840;-41.093300
2102325;Buriticupu;MA;-4.323750;-46.440900
5203962;Buritinópolis;GO;-14.477200;-46.407600
2904753;Buritirama;BA;-10.717100;-43.630200
2102358;Buritirana;MA;-5.598230;-47.013100
1100452;Buritis;RO;-10.194300;-63.832400
3109303;Buritis;MG;-15.621800;-46.422100
3508207;Buritizal;SP;-20.191100;-47.709600
3109402;Buritizeiro;MG;-17.365600;-44.960600
4302709;Butiá;RS;-30.117900;-51.960100
1300839;Caapiranga;AM;-3.315370;-61.220600
2503001;Caaporã;PB;-7.513510;-34.905500
5002407;Caarapó;MS;-22.636800;-54.820900
2904803;Caatiba;BA;-14.969900;-40.409200
2503100;Cabaceiras;PB;-7.488990;-36.287000
2904852;Cabaceiras do Paraguaçu;BA;-12.531700;-39.190200
3109451;Cabeceira Grande;MG;-16.033500;-47.086200
5204003;Cabeceiras;GO;-15.799500;-46.926500
2202059;Cabeceiras do Piauí;PI;-4.477300;-42.306900
2503209;Cabedelo;PB;-6.987310;-34.828400
1100031;Cabixi;RO;-13.494500;-60.552000
2602902;Cabo de Santo Agostinho;PE;-8.282180;-35.025300
3300704;Cabo Frio;RJ;-22.889400;-42.028600
3109501;Cabo Verde;MG;-21.469900;-46.391900
3508306;Cabrália Paulista;SP;-22.457600;-49.339300
3508405;Cabreúva;SP;-23.305300;-47.136200
2603009;Cabrobó;PE;-8.505480;-39.309400
4203006;Caçador;SC;-26.775700;-51.012000
3508504;Caçapava;SP;-23.099200;-45.707600
4302808;Caçapava do Sul;RS;-30.514400;-53.482700
1100601;Cacaulândia;RO;-10.349000;-62.904300
4302907;Cacequi;RS;-29.888300;-54.822000
5102504;Cáceres;MT;-16.076400;-57.681800
2904902;Cachoeira;BA;-12.599400;-38.958700
5204102;Cachoeira Alta;GO;-18.761800;-50.943200
3109600;Cachoeira da Prata;MG;-19.521000;-44.454400
5204201;Cachoeira de Goiás;GO;-16.663500;-50.646000
3109709;Cachoeira de Minas;MG;-22.351100;-45.780900
3102704;Cachoeira de Pajeú;MG;-15.968800;-41.494800
1502004;Cachoeira do Arari;PA;-1.012260;-48.950300
1501956;Cachoeira do Piriá;PA;-1.759740;-46.545900
4303004;Cachoeira do Sul;RS;-30.033000;-52.892800
2503308;Cachoeira dos Índios;PB;-6.913530;-38.676000
5204250;Cachoeira Dourada;GO;-18.485900;-49.476600
3109808;Cachoeira Dourada;MG;-18.516100;-49.503900
2102374;Cachoeira Grande;MA;-2.930740;-44.052800
3508603;Cachoeira Paulista;SP;-22.666500;-45.015400
3300803;Cachoeiras de Macacu;RJ;-22.465800;-42.652300
1703826;Cachoeirinha;TO;-6.115600;-47.923400
2603108;Cachoeirinha;PE;-8.486680;-36.240200
4303103;Cachoeirinha;RS;-29.947200;-51.101600
3201209;Cachoeiro de Itapemirim;ES;-20.846200;-41.119800
2503407;Cacimba de Areia;PB;-7.121280;-37.156300
2503506;Cacimba de Dentro;PB;-6.638600;-35.777800
2503555;Cacimbas;PB;-7.207210;-37.060400
2701209;Cacimbinhas;AL;-9.401210;-36.991100
4303202;Cacique Doble;RS;-27.767000;-51.659700
1100049;Cacoal;RO;-11.434300;-61.456200
3508702;Caconde;SP;-21.528000;-46.643700
5204300;Caçu;GO;-18.559400;-51.132800
2905008;Caculé;BA;-14.500300;-42.222900
2905107;Caém;BA;-11.067700;-40.432000
3109907;Caetanópolis;MG;-19.297100;-44.418900
2905156;Caetanos;BA;-14.334700;-40.917500
3110004;Caeté;MG;-19.882600;-43.670400
2603207;Caetés;PE;-8.780300;-36.626800
2905206;Caetité;BA;-14.068400;-42.486100
2905305;Cafarnaum;BA;-11.691400;-41.468800
4103404;Cafeara;PR;-22.789000;-51.714200
3508801;Cafelândia;SP;-21.803100;-49.609200
4103453;Cafelândia;PR;-24.618900;-53.320700
4103479;Cafezal do Sul;PR;-23.900500;-53.512400
3508900;Caiabu;SP;-22.012700;-51.239400
3110103;Caiana;MG;-20.695600;-41.929200
5204409;Caiapônia;GO;-16.953900;-51.809100
4303301;Caibaté;RS;-28.290500;-54.645400
4203105;Caibi;SC;-27.074100;-53.245800
4303400;Caiçara;RS;-27.279100;-53.425700
2503605;Caiçara;PB;-6.621150;-35.458100
2401859;Caiçara do Norte;RN;-5.070910;-36.071700
2401909;Caiçara do Rio do Vento;RN;-5.765410;-35.993800
2402006;Caicó;RN;-6.454410;-37.106700
3509007;Caieiras;SP;-23.360700;-46.739700
2905404;Cairu;BA;-13.490400;-39.046500
3509106;Caiuá;SP;-21.832200;-51.996900
3509205;Cajamar;SP;-23.355000;-46.878100
2102408;Cajapió;MA;-2.873260;-44.674100
2102507;Cajari;MA;-3.327420;-45.014500
3509254;Cajati;SP;-24.732400;-48.122300
2503704;Cajazeiras;PB;-6.880040;-38.557700
2202075;Cajazeiras do Piauí;PI;-6.796670;-42.390300
2503753;Cajazeirinhas;PB;-6.960160;-37.800900
3509304;Cajobi;SP;-20.877300;-48.806300
2701308;Cajueiro;AL;-9.399400;-36.155900
2202083;Cajueiro da Praia;PI;-2.931110;-41.340800
3110202;Cajuri;MG;-20.790300;-42.792500
3509403;Cajuru;SP;-21.274900;-47.303000
2603306;Calçado;PE;-8.731080;-36.336600
1600204;Calçoene;AP;2.504750;-50.951200
3110301;Caldas;MG;-21.918300;-46.384300
2503803;Caldas Brandão;PB;-7.102500;-35.327200
5204508;Caldas Novas;GO;-17.744100;-48.624600
5204557;Caldazinha;GO;-16.711700;-49.001300
2905503;Caldeirão Grande;BA;-11.020800;-40.295600
2202091;Caldeirão Grande do Piauí;PI;-7.331400;-40.636600
4103503;Califórnia;PR;-23.656600;-51.357400
4203154;Calmon;SC;-26.594200;-51.095000
2603405;Calumbi;PE;-7.935510;-38.148200
2905602;Camacan;BA;-15.414200;-39.491900
2905701;Camaçari;BA;-12.699600;-38.326300
3110400;Camacho;MG;-20.629400;-45.159300
2503902;Camalaú;PB;-7.885030;-36.824200
2905800;Camamu;BA;-13.939800;-39.107100
3110509;Camanducaia;MG;-22.751500;-46.149400
5002605;Camapuã;MS;-19.534700;-54.043100
4303509;Camaquã;RS;-30.848900;-51.804300
2603454;Camaragibe;PE;-8.023510;-34.978200
4303558;Camargo;RS;-28.588000;-52.200300
4103602;Cambará;PR;-23.042300;-50.075300
4303608;Cambará do Sul;RS;-29.047400;-50.146500
4103701;Cambé;PR;-23.276600;-51.279800
4103800;Cambira;PR;-23.589000;-51.579200
4203204;Camboriú;SC;-27.024100;-48.650300
3300902;Cambuci;RJ;-21.569100;-41.918700
3110608;Cambuí;MG;-22.611500;-46.057200
3110707;Cambuquira;MG;-21.854000;-45.289600
1502103;Cametá;PA;-2.242950;-49.497900
2302602;Camocim;CE;-2.900500;-40.854400
2603504;Camocim de São Félix;PE;-8.358650;-35.765300
3110806;Campanário;MG;-18.242700;-41.735500
3110905;Campanha;MG;-21.836000;-45.400400
3111002;Campestre;MG;-21.707900;-46.238100
2701357;Campestre;AL;-8.847230;-35.568500
4303673;Campestre da Serra;RS;-28.792600;-51.094100
5204607;Campestre de Goiás;GO;-16.762400;-49.695000
2102556;Campestre do Maranhão;MA;-6.170750;-47.362500
4103909;Campina da Lagoa;PR;-24.589300;-52.797600
4303707;Campina das Missões;RS;-27.988800;-54.841600
3509452;Campina do Monte Alegre;SP;-23.589500;-48.475800
4103958;Campina do Simão;PR;-25.080200;-51.823700
2504009;Campina Grande;PB;-7.221960;-35.873100
4104006;Campina Grande do Sul;PR;-25.304400;-49.055100
3111101;Campina Verde;MG;-19.538200;-49.486200
5204656;Campinaçu;GO;-13.787000;-48.570400
5102603;Campinápolis;MT;-14.516200;-52.893000
3509502;Campinas;SP;-22.905300;-47.065900
2202109;Campinas do Piauí;PI;-7.659300;-41.877500
4303806;Campinas do Sul;RS;-27.717400;-52.624800
5204706;Campinorte;GO;-14.313700;-49.151100
4203303;Campo Alegre;SC;-26.195000;-49.267600
2701407;Campo Alegre;AL;-9.784510;-36.352500
5204805;Campo Alegre de Goiás;GO;-17.636300;-47.776800
2905909;Campo Alegre de Lourdes;BA;-9.522210;-43.012600
2202117;Campo Alegre do Fidalgo;PI;-8.382360;-41.834400
3111150;Campo Azul;MG;-16.502800;-44.809600
3111200;Campo Belo;MG;-20.893200;-45.269900
4203402;Campo Belo do Sul;SC;-27.897500;-50.759500
4303905;Campo Bom;RS;-29.674700;-51.060600
4104055;Campo Bonito;PR;-25.029400;-52.993900
2801009;Campo do Brito;SE;-10.739200;-37.495400
3111309;Campo do Meio;MG;-21.112700;-45.827300
4104105;Campo do Tenente;PR;-25.980000;-49.684400
4203501;Campo Erê;SC;-26.393100;-53.085600
3111408;Campo Florido;MG;-19.763100;-48.571600
2906006;Campo Formoso;BA;-10.510500;-40.320000
2701506;Campo Grande;AL;-9.955420;-36.792600
5002704;Campo Grande;MS;-20.448600;-54.629500
2202133;Campo Grande do Piauí;PI;-7.128270;-41.031500
4104204;Campo Largo;PR;-25.452500;-49.529000
2202174;Campo Largo do Piauí;PI;-3.804410;-42.640000
5204854;Campo Limpo de Goiás;GO;-16.297100;-49.089500
3509601;Campo Limpo Paulista;SP;-23.207800;-46.788900
4104253;Campo Magro;PR;-25.368700;-49.450100
2202208;Campo Maior;PI;-4.821700;-42.164100
4104303;Campo Mourão;PR;-24.046300;-52.378000
4304002;Campo Novo;RS;-27.679200;-53.805200
1100700;Campo Novo de Rondônia;RO;-10.571200;-63.626600
5102637;Campo Novo do Parecis;MT;-13.658700;-57.890700
2402105;Campo Redondo;RN;-6.238290;-36.188800
5102678;Campo Verde;MT;-15.545000;-55.162600
3111507;Campos Altos;MG;-19.691400;-46.172500
5204904;Campos Belos;GO;-13.035000;-46.768100
4304101;Campos Borges;RS;-28.887100;-53.000800
5102686;Campos de Júlio;MT;-13.724200;-59.285800
3509700;Campos do Jordão;SP;-22.729600;-45.583300
3301009;Campos dos Goytacazes;RJ;-21.762200;-41.318100
3111606;Campos Gerais;MG;-21.237000;-45.756900
1703842;Campos Lindos;TO;-7.989560;-46.864500
4203600;Campos Novos;SC;-27.400200;-51.227600
3509809;Campos Novos Paulista;SP;-22.602000;-49.998700
2302701;Campos Sales;CE;-7.067610;-40.368700
5204953;Campos Verdes;GO;-14.244200;-49.652800
2603603;Camutanga;PE;-7.405450;-35.266400
3111903;Cana Verde;MG;-21.023200;-45.180100
3111705;Canaã;MG;-20.686900;-42.616700
1502152;Canaã dos Carajás;PA;-6.496590;-49.877600
5102694;Canabrava do Norte;MT;-11.055600;-51.820900
3509908;Cananéia;SP;-25.014400;-47.934100
2701605;Canapi;AL;-9.119320;-37.596700
2906105;Canápolis;BA;-13.072500;-44.201000
3111804;Canápolis;MG;-18.721200;-49.203500
2906204;Canarana;BA;-11.685800;-41.767700
5102702;Canarana;MT;-13.551500;-52.270500
3509957;Canas;SP;-22.700300;-45.052100
2202251;Canavieira;PI;-7.688210;-43.723300
2906303;Canavieiras;BA;-15.672200;-38.953600
2906402;Candeal;BA;-11.804900;-39.120300
2906501;Candeias;BA;-12.671600;-38.547200
3112000;Candeias;MG;-20.769200;-45.276500
1100809;Candeias do Jamari;RO;-8.790700;-63.700500
4304200;Candelária;RS;-29.668400;-52.789500
2906600;Candiba;BA;-14.409700;-42.866700
4104402;Cândido de Abreu;PR;-24.564900;-51.337200
4304309;Cândido Godói;RS;-27.951500;-54.751700
2102606;Cândido Mendes;MA;-1.432650;-45.716100
3510005;Cândido Mota;SP;-22.747100;-50.387300
3510104;Cândido Rodrigues;SP;-21.327500;-48.632700
2906709;Cândido Sales;BA;-15.499300;-41.241400
4304358;Candiota;RS;-31.551600;-53.677300
4104428;Candói;PR;-25.575800;-52.040900
4304408;Canela;RS;-29.356000;-50.811900
4203709;Canelinha;SC;-27.261600;-48.765800
2402204;Canguaretama;RN;-6.371930;-35.128100
4304507;Canguçu;RS;-31.396000;-52.678300
2801108;Canhoba;SE;-10.136500;-36.980600
2603702;Canhotinho;PE;-8.876520;-36.197900
2302800;Canindé;CE;-4.351620;-39.315500
2801207;Canindé de São Francisco;SE;-9.648820;-37.792300
3510153;Canitar;SP;-23.004000;-49.783900
4304606;Canoas;RS;-29.912800;-51.185700
4203808;Canoinhas;SC;-26.176600;-50.395000
2906808;Cansanção;BA;-10.664700;-39.494400
1400175;Cantá;RR;2.609940;-60.605800
3301108;Cantagalo;RJ;-21.979700;-42.366400
4104451;Cantagalo;PR;-25.373400;-52.119800
3112059;Cantagalo;MG;-18.524800;-42.622300
2102705;Cantanhede;MA;-3.637570;-44.383000
2202307;Canto do Buriti;PI;-8.111100;-42.951700
2906824;Canudos;BA;-9.900140;-39.147100
4304614;Canudos do Vale;RS;-29.327100;-52.237400
1300904;Canutama;AM;-6.525820;-64.395300
1502202;Capanema;PA;-1.205290;-47.177800
4104501;Capanema;PR;-25.669100;-53.805500
4203253;Capão Alto;SC;-27.938900;-50.509800
3510203;Capão Bonito;SP;-24.011300;-48.348200
4304622;Capão Bonito do Sul;RS;-28.125400;-51.396100
4304630;Capão da Canoa;RS;-29.764200;-50.028200
4304655;Capão do Cipó;RS;-28.931200;-54.555800
4304663;Capão do Leão;RS;-31.756500;-52.488900
3112109;Caparaó;MG;-20.528900;-41.906100
2701704;Capela;AL;-9.415040;-36.082600
2801306;Capela;SE;-10.506900;-37.062800
4304689;Capela de Santana;RS;-29.696100;-51.328000
3510302;Capela do Alto;SP;-23.468500;-47.738800
2906857;Capela do Alto Alegre;BA;-11.665800;-39.834900
3112208;Capela Nova;MG;-20.917900;-43.622000
3112307;Capelinha;MG;-17.688800;-42.514700
3112406;Capetinga;MG;-20.616300;-47.057100
2504033;Capim;PB;-6.916240;-35.167300
3112505;Capim Branco;MG;-19.547100;-44.130400
2906873;Capim Grosso;BA;-11.379700;-40.008900
3112604;Capinópolis;MG;-18.686200;-49.570600
4203907;Capinzal;SC;-27.347300;-51.605700
2102754;Capinzal do Norte;MA;-4.723600;-44.328000
2302909;Capistrano;CE;-4.455690;-38.904800
4304697;Capitão;RS;-29.267400;-51.985300
3112653;Capitão Andrade;MG;-19.074800;-41.861400
2202406;Capitão de Campos;PI;-4.457000;-41.944000
3112703;Capitão Enéas;MG;-16.326500;-43.708400
2202455;Capitão Gervásio Oliveira;PI;-8.496550;-41.814000
4104600;Capitão Leônidas Marques;PR;-25.481600;-53.611200
1502301;Capitão Poço;PA;-1.747850;-47.062900
3112802;Capitólio;MG;-20.616400;-46.049300
3510401;Capivari;SP;-22.995100;-47.507100
4203956;Capivari de Baixo;SC;-28.449800;-48.963100
4304671;Capivari do Sul;RS;-30.138300;-50.515200
1200179;Capixaba;AC;-10.566000;-67.686000
2603801;Capoeiras;PE;-8.734230;-36.630600
3112901;Caputira;MG;-20.170300;-42.268300
4304713;Caraá;RS;-29.786900;-50.431600
1400209;Caracaraí;RR;1.827660;-61.130400
2202505;Caracol;PI;-9.279330;-43.329000
5002803;Caracol;MS;-22.011000;-57.027700
3510500;Caraguatatuba;SP;-23.612500;-45.412500
3113008;Caraí;MG;-17.186200;-41.700400
2906899;Caraíbas;BA;-14.717700;-41.260300
4104659;Carambeí;PR;-24.915200;-50.098600
3113107;Caranaíba;MG;-20.870700;-43.741700
3113206;Carandaí;MG;-20.956600;-43.811000
3113305;Carangola;MG;-20.734300;-42.031300
3300936;Carapebus;RJ;-22.182100;-41.663000
3510609;Carapicuíba;SP;-23.523500;-46.840700
3113404;Caratinga;MG;-19.786800;-42.129200
1301001;Carauari;AM;-4.881610;-66.908600
2402303;Caraúbas;RN;-5.783870;-37.558600
2504074;Caraúbas;PB;-7.720490;-36.492000
2202539;Caraúbas do Piauí;PI;-3.475250;-41.842500
2906907;Caravelas;BA;-17.726800;-39.259700
4304705;Carazinho;RS;-28.295800;-52.793300
3113503;Carbonita;MG;-17.525500;-43.013700
2907004;Cardeal da Silva;BA;-11.947200;-37.946900
3510708;Cardoso;SP;-20.080000;-49.918300
3301157;Cardoso Moreira;RJ;-21.484600;-41.616500
3113602;Careaçu;MG;-22.042400;-45.696000
1301100;Careiro;AM;-3.768030;-60.369000
1301159;Careiro da Várzea;AM;-3.314000;-59.555700
3201308;Cariacica;ES;-20.263200;-40.416500
2303006;Caridade;CE;-4.225140;-39.191200
2202554;Caridade do Piauí;PI;-7.734350;-40.984800
2907103;Carinhanha;BA;-14.298500;-43.772400
2801405;Carira;SE;-10.352400;-37.700200
2303105;Cariré;CE;-3.948580;-40.476000
1703867;Cariri do Tocantins;TO;-11.888100;-49.160900
2303204;Caririaçu;CE;-7.028080;-39.282800
2303303;Cariús;CE;-6.524280;-39.491600
5102793;Carlinda;MT;-9.949120;-55.841700
4104709;Carlópolis;PR;-23.426900;-49.723500
4304804;Carlos Barbosa;RS;-29.296900;-51.502800
3113701;Carlos Chagas;MG;-17.697300;-40.772300
4304853;Carlos Gomes;RS;-27.716700;-51.912100
3113800;Carmésia;MG;-19.087700;-43.138200
3301207;Carmo;RJ;-21.931000;-42.604600
3113909;Carmo da Cachoeira;MG;-21.463300;-45.220100
3114006;Carmo da Mata;MG;-20.557500;-44.873500
3114105;Carmo de Minas;MG;-22.120400;-45.130700
3114204;Carmo do Cajuru;MG;-20.191200;-44.766400
3114303;Carmo do Paranaíba;MG;-18.991000;-46.316700
3114402;Carmo do Rio Claro;MG;-20.973600;-46.114900
5205000;Carmo do Rio Verde;GO;-15.354900;-49.708000
1703883;Carmolândia;TO;-7.032620;-48.397800
2801504;Carmópolis;SE;-10.644900;-36.988700
3114501;Carmópolis de Minas;MG;-20.539600;-44.633600
2603900;Carnaíba;PE;-7.793420;-37.794600
2402402;Carnaúba dos Dantas;RN;-6.550150;-36.586800
2402501;Carnaubais;RN;-5.341810;-36.833500
2303402;Carnaubal;CE;-4.159850;-40.941300
2603926;Carnaubeira da Penha;PE;-8.317990;-38.751200
3114550;Carneirinho;MG;-19.698700;-50.689400
2701803;Carneiros;AL;-9.484760;-37.377300
1400233;Caroebe;RR;0.884203;-59.695900
2102804;Carolina;MA;-7.335840;-47.463400
2604007;Carpina;PE;-7.845660;-35.251400
3114600;Carrancas;MG;-21.489800;-44.644600
2504108;Carrapateira;PB;-7.034140;-38.339900
1703891;Carrasco Bonito;TO;-5.314150;-48.031400
2604106;Caruaru;PE;-8.284550;-35.969900
2102903;Carutapera;MA;-1.196960;-46.008500
3114709;Carvalhópolis;MG;-21.773500;-45.842100
3114808;Carvalhos;MG;-22.000000;-44.463200
3510807;Casa Branca;SP;-21.770800;-47.085200
3114907;Casa Grande;MG;-20.792500;-43.934300
2907202;Casa Nova;BA;-9.164080;-40.974000
4304903;Casca;RS;-28.560500;-51.981500
3115003;Cascalho Rico;MG;-18.577200;-47.871600
4104808;Cascavel;PR;-24.957300;-53.459000
2303501;Cascavel;CE;-4.129670;-38.241200
1703909;Caseara;TO;-9.276120;-49.952100
4304952;Caseiros;RS;-28.258200;-51.686100
3301306;Casimiro de Abreu;RJ;-22.481200;-42.206600
2604155;Casinhas;PE;-7.740840;-35.720600
2504157;Casserengue;PB;-6.779540;-35.817900
3115102;Cássia;MG;-20.583100;-46.920100
3510906;Cássia dos Coqueiros;SP;-21.280100;-47.164300
5002902;Cassilândia;MS;-19.117900;-51.731300
1502400;Castanhal;PA;-1.297970;-47.916700
5102850;Castanheira;MT;-11.125100;-58.608100
1100908;Castanheiras;RO;-11.425300;-61.948200
5205059;Castelândia;GO;-18.092100;-50.203000
3201407;Castelo;ES;-20.603300;-41.203100
2202604;Castelo do Piauí;PI;-5.318690;-41.549900
3511003;Castilho;SP;-20.868900;-51.488400
4104907;Castro;PR;-24.789100;-50.010800
2907301;Castro Alves;BA;-12.757900;-39.424800
3115300;Cataguases;MG;-21.392400;-42.689600
5205109;Catalão;GO;-18.165600;-47.944000
3511102;Catanduva;SP;-21.131400;-48.977000
4105003;Catanduvas;PR;-25.204400;-53.154800
4204004;Catanduvas;SC;-27.069000;-51.660200
2303600;Catarina;CE;-6.122910;-39.873600
3115359;Catas Altas;MG;-20.073400;-43.406100
3115409;Catas Altas da Noruega;MG;-20.690100;-43.493900
2604205;Catende;PE;-8.675090;-35.702400
3511201;Catiguá;SP;-21.051900;-49.061600
2504207;Catingueira;PB;-7.120080;-37.606400
2907400;Catolândia;BA;-12.310000;-44.864800
2504306;Catolé do Rocha;PB;-6.340620;-37.747000
2907509;Catu;BA;-12.351300;-38.379100
4305009;Catuípe;RS;-28.255400;-54.013200
3115458;Catuji;MG;-17.301800;-41.527600
2303659;Catunda;CE;-4.643360;-40.200000
5205208;Caturaí;GO;-16.444700;-49.493600
2907558;Caturama;BA;-13.323900;-42.290400
2504355;Caturité;PB;-7.416590;-36.030600
3115474;Catuti;MG;-15.361600;-42.962700
2303709;Caucaia;CE;-3.727970;-38.661900
5205307;Cavalcante;GO;-13.797600;-47.456600
3115508;Caxambu;MG;-21.975300;-44.931900
4204103;Caxambu do Sul;SC;-27.162400;-52.880700
2103000;Caxias;MA;-4.865050;-43.361700
4305108;Caxias do Sul;RS;-29.162900;-51.179200
2202653;Caxingó;PI;-3.419040;-41.895500
2402600;Ceará-Mirim;RN;-5.643230;-35.424700
2103109;Cedral;MA;-2.000270;-44.528100
3511300;Cedral;SP;-20.900900;-49.266400
2303808;Cedro;CE;-6.600340;-39.060900
2604304;Cedro;PE;-7.711790;-39.236700
2801603;Cedro de São João;SE;-10.253400;-36.885600
3115607;Cedro do Abaeté;MG;-19.145800;-45.712000
4204152;Celso Ramos;SC;-27.632700;-51.335000
4305116;Centenário;RS;-27.761500;-51.998400
1704105;Centenário;TO;-8.961030;-47.330400
4105102;Centenário do Sul;PR;-22.818800;-51.597300
2907608;Central;BA;-11.137600;-42.111600
3115706;Central de Minas;MG;-18.761200;-41.314300
2103125;Central do Maranhão;MA;-2.198310;-44.825400
3115805;Centralina;MG;-18.585200;-49.201400
2103158;Centro do Guilherme;MA;-2.448910;-46.034500
2103174;Centro Novo do Maranhão;MA;-2.126960;-46.122800
1100056;Cerejeiras;RO;-13.187000;-60.816800
5205406;Ceres;GO;-15.306100;-49.600000
3511409;Cerqueira César;SP;-23.038000;-49.165500
3511508;Cerquilho;SP;-23.166500;-47.745900
4305124;Cerrito;RS;-31.841900;-52.800400
4105201;Cerro Azul;PR;-26.089100;-52.869100
4305132;Cerro Branco;RS;-29.657000;-52.940600
2402709;Cerro Corá;RN;-6.035030;-36.350300
4305157;Cerro Grande;RS;-27.610600;-53.167200
4305173;Cerro Grande do Sul;RS;-30.590500;-51.741800
4305207;Cerro Largo;RS;-28.146300;-54.742800
4204178;Cerro Negro;SC;-27.794200;-50.867300
3511607;Cesário Lange;SP;-23.226000;-47.954500
4105300;Céu Azul;PR;-25.148900;-53.841500
5205455;Cezarina;GO;-16.971800;-49.775800
2604403;Chã de Alegria;PE;-8.006790;-35.204000
2604502;Chã Grande;PE;-8.238270;-35.457100
2701902;Chã Preta;AL;-9.255600;-36.298300
3115904;Chácara;MG;-21.673300;-43.215000
3116001;Chalé;MG;-20.045300;-41.689700
4305306;Chapada;RS;-28.055900;-53.066500
1705102;Chapada da Natividade;TO;-11.617500;-47.748600
1704600;Chapada de Areia;TO;-10.141900;-49.140300
3116100;Chapada do Norte;MG;-17.088100;-42.539200
5103007;Chapada dos Guimarães;MT;-15.464300;-55.749900
3116159;Chapada Gaúcha;MG;-15.301400;-45.611600
5205471;Chapadão do Céu;GO;-18.407300;-52.549000
4204194;Chapadão do Lageado;SC;-27.590500;-49.553900
5002951;Chapadão do Sul;MS;-18.788000;-52.626300
2103208;Chapadinha;MA;-3.738750;-43.353800
4204202;Chapecó;SC;-27.100400;-52.615200
3511706;Charqueada;SP;-22.509600;-47.775500
4305355;Charqueadas;RS;-29.962500;-51.628900
4305371;Charrua;RS;-27.949300;-52.015000
2303907;Chaval;CE;-3.035710;-41.243500
3557204;Chavantes;SP;-23.036600;-49.709600
1502509;Chaves;PA;-0.164154;-49.987000
3116209;Chiador;MG;-21.999600;-43.061700
4305405;Chiapetta;RS;-27.923000;-53.941900
4105409;Chopinzinho;PR;-25.851500;-52.517300
2303931;Choró;CE;-4.839060;-39.134400
2303956;Chorozinho;CE;-4.288730;-38.498600
2907707;Chorrochó;BA;-8.969500;-39.097900
4305439;Chuí;RS;-33.686600;-53.459400
1100924;Chupinguaia;RO;-12.561100;-60.887700
4305447;Chuvisca;RS;-30.750400;-51.973700
4105508;Cianorte;PR;-23.659900;-52.605400
2907806;Cícero Dantas;BA;-10.589700;-38.379400
4105607;Cidade Gaúcha;PR;-23.377200;-52.943600
5205497;Cidade Ocidental;GO;-16.076500;-47.925200
2103257;Cidelândia;MA;-5.174650;-47.778100
4305454;Cidreira;RS;-30.160400;-50.233700
2907905;Cipó;BA;-11.103200;-38.517900
3116308;Cipotânea;MG;-20.902600;-43.362900
4305504;Ciríaco;RS;-28.341900;-51.874100
3116407;Claraval;MG;-20.397000;-47.276800
3116506;Claro dos Poções;MG;-17.082000;-44.206100
5103056;Cláudia;MT;-11.507500;-54.883500
3116605;Cláudio;MG;-20.443700;-44.767300
3511904;Clementina;SP;-21.560400;-50.452500
4105706;Clevelândia;PR;-26.404300;-52.350800
2908002;Coaraci;BA;-14.637000;-39.555600
1301209;Coari;AM;-4.094120;-63.144100
2202703;Cocal;PI;-3.472790;-41.554600
2202711;Cocal de Telha;PI;-4.557100;-41.958700
4204251;Cocal do Sul;SC;-28.598600;-49.333500
2202729;Cocal dos Alves;PI;-3.620470;-41.440200
5103106;Cocalinho;MT;-14.390300;-51.000100
5205513;Cocalzinho de Goiás;GO;-15.791400;-48.774700
2908101;Cocos;BA;-14.181400;-44.535200
1301308;Codajás;AM;-3.830530;-62.065800
2103307;Codó;MA;-4.455620;-43.892400
2103406;Coelho Neto;MA;-4.252450;-43.010800
3116704;Coimbra;MG;-20.853500;-42.800800
2702009;Coité do Nóia;AL;-9.633480;-36.584500
2202737;Coivaras;PI;-5.092240;-42.208000
1502608;Colares;PA;-0.936423;-48.280300
3201506;Colatina;ES;-19.549300;-40.626900
5103205;Colíder;MT;-10.813500;-55.461000
3512001;Colina;SP;-20.711400;-48.538700
4305587;Colinas;RS;-29.394800;-51.855600
2103505;Colinas;MA;-6.031990;-44.254300
5205521;Colinas do Sul;GO;-14.152800;-48.076000
1705508;Colinas do Tocantins;TO;-8.057640;-48.475700
1716703;Colméia;TO;-8.724630;-48.763800
5103254;Colniza;MT;-9.461210;-59.225200
3512100;Colômbia;SP;-20.176800;-48.686500
4105805;Colombo;PR;-25.292500;-49.226200
2202752;Colônia do Gurguéia;PI;-8.183700;-43.794000
2202778;Colônia do Piauí;PI;-7.226510;-42.175600
2702108;Colônia Leopoldina;AL;-8.918060;-35.721400
4305603;Colorado;RS;-28.525800;-52.992800
4105904;Colorado;PR;-22.837400;-51.974300
1100064;Colorado do Oeste;RO;-13.117400;-60.545400
3116803;Coluna;MG;-18.231100;-42.835200
1705557;Combinado;TO;-12.791700;-46.538800
3116902;Comendador Gomes;MG;-19.697300;-49.078900
3300951;Comendador Levy Gasparian;RJ;-22.040400;-43.214000
3117009;Comercinho;MG;-16.296300;-41.794500
5103304;Comodoro;MT;-13.661400;-59.784800
2504405;Conceição;PB;-7.551060;-38.501400
3117108;Conceição da Aparecida;MG;-21.096000;-46.204900
3201605;Conceição da Barra;ES;-18.588300;-39.736200
3115201;Conceição da Barra de Minas;MG;-21.131600;-44.472900
2908200;Conceição da Feira;BA;-12.507800;-38.997800
3117306;Conceição das Alagoas;MG;-19.917200;-48.383900
3117207;Conceição das Pedras;MG;-22.157600;-45.456200
3117405;Conceição de Ipanema;MG;-19.932600;-41.690800
3301405;Conceição de Macabu;RJ;-22.083400;-41.871900
2908309;Conceição do Almeida;BA;-12.783600;-39.171500
1502707;Conceição do Araguaia;PA;-8.261360;-49.268900
2202802;Conceição do Canindé;PI;-7.876380;-41.594200
3201704;Conceição do Castelo;ES;-20.363900;-41.241700
2908408;Conceição do Coité;BA;-11.560000;-39.280800
2908507;Conceição do Jacuípe;BA;-12.326800;-38.768400
2103554;Conceição do Lago-Açu;MA;-3.851420;-44.889500
3117504;Conceição do Mato Dentro;MG;-19.034400;-43.422100
3117603;Conceição do Pará;MG;-19.745600;-44.894500
3117702;Conceição do Rio Verde;MG;-21.877800;-45.087000
1705607;Conceição do Tocantins;TO;-12.220900;-47.295100
3117801;Conceição dos Ouros;MG;-22.407800;-45.799600
3512209;Conchal;SP;-22.337500;-47.172900
3512308;Conchas;SP;-23.015400;-48.013400
4204301;Concórdia;SC;-27.233500;-52.026000
1502756;Concórdia do Pará;PA;-1.992380;-47.942200
2504504;Condado;PB;-6.898310;-37.606000
2604601;Condado;PE;-7.587870;-35.099900
2504603;Conde;PB;-7.257460;-34.899900
2908606;Conde;BA;-11.817900;-37.613100
2908705;Condeúba;BA;-14.902200;-41.971800
4305702;Condor;RS;-28.207500;-53.490500
3117836;Cônego Marinho;MG;-15.289200;-44.418100
3117876;Confins;MG;-19.628200;-43.993100
5103353;Confresa;MT;-10.643700;-51.569900
2504702;Congo;PB;-7.790780;-36.658100
3117900;Congonhal;MG;-22.148800;-46.043000
3118007;Congonhas;MG;-20.495800;-43.851000
3118106;Congonhas do Norte;MG;-18.802100;-43.676700
4106001;Congonhinhas;PR;-23.549300;-50.556900
3118205;Conquista;MG;-19.931200;-47.549200
5103361;Conquista D'Oeste;MT;-14.538100;-59.544400
3118304;Conselheiro Lafaiete;MG;-20.663400;-43.784600
4106100;Conselheiro Mairinck;PR;-23.623000;-50.170700
3118403;Conselheiro Pena;MG;-19.178900;-41.473600
3118502;Consolação;MG;-22.549300;-45.925500
4305801;Constantina;RS;-27.732000;-52.993800
3118601;Contagem;MG;-19.932100;-44.053900
4106209;Contenda;PR;-25.678800;-49.535000
2908804;Contendas do Sincorá;BA;-13.753700;-41.048000
3118700;Coqueiral;MG;-21.185800;-45.436600
4305835;Coqueiro Baixo;RS;-29.180200;-52.094200
2702207;Coqueiro Seco;AL;-9.637150;-35.799400
4305850;Coqueiros do Sul;RS;-28.119400;-52.784200
3118809;Coração de Jesus;MG;-16.684100;-44.363500
2908903;Coração de Maria;BA;-12.233300;-38.748700
4106308;Corbélia;PR;-24.797100;-53.300600
3301504;Cordeiro;RJ;-22.026700;-42.364800
3512407;Cordeirópolis;SP;-22.477800;-47.451900
2909000;Cordeiros;BA;-15.035600;-41.930800
4204350;Cordilheira Alta;SC;-26.984400;-52.605600
3118908;Cordisburgo;MG;-19.122400;-44.322400
3119005;Cordislândia;MG;-21.789100;-45.699900
2304004;Coreaú;CE;-3.541500;-40.658700
2504801;Coremas;PB;-7.007120;-37.934600
5003108;Corguinho;MS;-19.824300;-54.828100
2909109;Coribe;BA;-13.823200;-44.458600
3119104;Corinto;MG;-18.369000;-44.454200
4106407;Cornélio Procópio;PR;-23.182900;-50.649800
3119203;Coroaci;MG;-18.615600;-42.279100
3512506;Coroados;SP;-21.352100;-50.285900
2103604;Coroatá;MA;-4.134420;-44.124400
3119302;Coromandel;MG;-18.473400;-47.193300
4305871;Coronel Barros;RS;-28.392100;-54.068600
4305900;Coronel Bicaco;RS;-27.719700;-53.702200
4106456;Coronel Domingos Soares;PR;-26.227700;-52.035600
2402808;Coronel Ezequiel;RN;-6.374800;-36.222300
3119401;Coronel Fabriciano;MG;-19.517900;-42.627600
4204400;Coronel Freitas;SC;-26.905700;-52.701100
2402907;Coronel João Pessoa;RN;-6.249740;-38.444100
2909208;Coronel João Sá;BA;-10.284700;-37.919800
2202851;Coronel José Dias;PI;-8.813970;-42.523200
3512605;Coronel Macedo;SP;-23.626100;-49.310000
4204459;Coronel Martins;SC;-26.511000;-52.669400
3119500;Coronel Murta;MG;-16.614800;-42.184000
3119609;Coronel Pacheco;MG;-21.589800;-43.256000
4305934;Coronel Pilar;RS;-29.269500;-51.684700
5003157;Coronel Sapucaia;MS;-23.272400;-55.527800
4106506;Coronel Vivida;PR;-25.976700;-52.564100
3119708;Coronel Xavier Chaves;MG;-21.027700;-44.220600
3119807;Córrego Danta;MG;-19.819800;-45.903200
3119906;Córrego do Bom Jesus;MG;-22.626900;-46.024100
5205703;Córrego do Ouro;GO;-16.291800;-50.550300
3119955;Córrego Fundo;MG;-20.447400;-45.561700
3120003;Córrego Novo;MG;-19.836100;-42.398800
4204558;Correia Pinto;SC;-27.587700;-50.361400
2202901;Corrente;PI;-10.433300;-45.163300
2604700;Correntes;PE;-9.121170;-36.324400
2909307;Correntina;BA;-13.347700;-44.633300
2604809;Cortês;PE;-8.474430;-35.546800
5003207;Corumbá;MS;-19.007700;-57.651000
5205802;Corumbá de Goiás;GO;-15.924500;-48.811700
5205901;Corumbaíba;GO;-18.141500;-48.562600
3512704;Corumbataí;SP;-22.221300;-47.621500
4106555;Corumbataí do Sul;PR;-24.101000;-52.117700
1100072;Corumbiara;RO;-12.955100;-60.894700
4204509;Corupá;SC;-26.424600;-49.246000
2702306;Coruripe;AL;-10.127600;-36.171700
3512803;Cosmópolis;SP;-22.641900;-47.192600
3512902;Cosmorama;SP;-20.475500;-49.782700
1100080;Costa Marques;RO;-12.436700;-64.228000
5003256;Costa Rica;MS;-18.543200;-53.128700
2909406;Cotegipe;BA;-12.022800;-44.256600
3513009;Cotia;SP;-23.602200;-46.919000
4305959;Cotiporã;RS;-28.989100;-51.697100
5103379;Cotriguaçu;MT;-9.856560;-58.419200
3120102;Couto de Magalhães de Minas;MG;-18.072700;-43.464800
1706001;Couto Magalhães;TO;-8.284110;-49.247300
4305975;Coxilha;RS;-28.128000;-52.302300
5003306;Coxim;MS;-18.501300;-54.751000
2504850;Coxixola;PB;-7.623650;-36.606400
2702355;Craíbas;AL;-9.617800;-36.769700
2304103;Crateús;CE;-5.167680;-40.653600
2304202;Crato;CE;-7.215300;-39.410300
3513108;Cravinhos;SP;-21.338000;-47.732400
2909505;Cravolândia;BA;-13.353100;-39.803100
4204608;Criciúma;SC;-28.672300;-49.372900
3120151;Crisólita;MG;-17.238100;-40.918400
2909604;Crisópolis;BA;-11.505900;-38.151500
4306007;Crissiumal;RS;-27.499900;-54.099400
3120201;Cristais;MG;-20.873300;-45.516700
3513207;Cristais Paulista;SP;-20.403600;-47.420900
4306056;Cristal;RS;-31.004600;-52.043600
4306072;Cristal do Sul;RS;-27.452000;-53.242200
1706100;Cristalândia;TO;-10.598500;-49.194200
2203008;Cristalândia do Piauí;PI;-10.644300;-45.189300
3120300;Cristália;MG;-16.716000;-42.857100
5206206;Cristalina;GO;-16.767600;-47.613100
3120409;Cristiano Otoni;MG;-20.832400;-43.816600
5206305;Cristianópolis;GO;-17.198700;-48.703400
3120508;Cristina;MG;-22.208000;-45.267300
2801702;Cristinápolis;SE;-11.466800;-37.758500
2203107;Cristino Castro;PI;-8.822730;-44.223000
2909703;Cristópolis;BA;-12.224900;-44.421400
5206404;Crixás;GO;-14.541200;-49.974000
1706258;Crixás do Tocantins;TO;-11.099400;-48.915200
2304236;Croatá;CE;-4.404810;-40.902200
5206503;Cromínia;GO;-17.288300;-49.379800
3120607;Crucilândia;MG;-20.392300;-44.333400
2304251;Cruz;CE;-2.918130;-40.176000
4306106;Cruz Alta;RS;-28.645000;-53.604800
2909802;Cruz das Almas;BA;-12.667500;-39.100800
2504900;Cruz do Espírito Santo;PB;-7.139020;-35.085700
4106803;Cruz Machado;PR;-26.016600;-51.343000
3513306;Cruzália;SP;-22.737300;-50.790900
4306130;Cruzaltense;RS;-27.667200;-52.652200
3513405;Cruzeiro;SP;-22.572800;-44.969000
3120706;Cruzeiro da Fortaleza;MG;-18.944000;-46.666900
4106571;Cruzeiro do Iguaçu;PR;-25.619200;-53.128500
4106605;Cruzeiro do Oeste;PR;-23.779900;-53.077400
4106704;Cruzeiro do Sul;PR;-22.962400;-52.162200
4306205;Cruzeiro do Sul;RS;-29.514800;-51.992800
1200203;Cruzeiro do Sul;AC;-7.627620;-72.675600
2403004;Cruzeta;RN;-6.408940;-36.778200
3120805;Cruzília;MG;-21.840000;-44.806700
4106852;Cruzmaltina;PR;-24.013200;-51.456300
3513504;Cubatão;SP;-23.891100;-46.424000
2505006;Cubati;PB;-6.866860;-36.361900
5103403;Cuiabá;MT;-15.601000;-56.097400
2505105;Cuité;PB;-6.476470;-36.151500
2505238;Cuité de Mamanguape;PB;-6.912920;-35.250200
2505204;Cuitegi;PB;-6.890580;-35.521500
1100940;Cujubim;RO;-9.360650;-62.584600
5206602;Cumari;GO;-18.264400;-48.151100
2604908;Cumaru;PE;-8.008270;-35.695700
1502764;Cumaru do Norte;PA;-7.810970;-50.769800
2801900;Cumbe;SE;-10.352000;-37.184600
3513603;Cunha;SP;-23.073100;-44.957600
4204707;Cunha Porã;SC;-26.895000;-53.166200
4204756;Cunhataí;SC;-26.970900;-53.089500
3120839;Cuparaque;MG;-18.964800;-41.098600
2605004;Cupira;PE;-8.624320;-35.951800
2909901;Curaçá;BA;-8.984580;-39.899700
2203206;Curimatá;PI;-10.032600;-44.300200
1502772;Curionópolis;PA;-6.099650;-49.606800
4106902;Curitiba;PR;-25.419500;-49.264600
4204806;Curitibanos;SC;-27.282400;-50.581600
4107009;Curiúva;PR;-24.036200;-50.457600
2203230;Currais;PI;-9.011750;-44.406200
2403103;Currais Novos;RN;-6.254840;-36.514600
2505279;Curral de Cima;PB;-6.723250;-35.263900
3120870;Curral de Dentro;MG;-15.932700;-41.855700
2203271;Curral Novo do Piauí;PI;-7.831300;-40.895700
2505303;Curral Velho;PB;-7.530750;-38.196200
1502806;Curralinho;PA;-1.811790;-49.795200
2203255;Curralinhos;PI;-5.608250;-42.837600
1502855;Curuá;PA;-1.887750;-55.116800
1502905;Curuçá;PA;-0.733214;-47.851500
2103703;Cururupu;MA;-1.814750;-44.864400
5103437;Curvelândia;MT;-15.608400;-57.913300
3120904;Curvelo;MG;-18.752700;-44.430300
2605103;Custódia;PE;-8.085460;-37.644300
1600212;Cutias;AP;0.970761;-50.800500
5206701;Damianópolis;GO;-14.560400;-46.178000
2505352;Damião;PB;-6.631610;-35.910100
5206800;Damolândia;GO;-16.254400;-49.363100
1706506;Darcinópolis;TO;-6.715910;-47.759700
2910008;Dário Meira;BA;-14.422900;-39.903100
3121001;Datas;MG;-18.447800;-43.659100
4306304;David Canabarro;RS;-28.384900;-51.848200
2103752;Davinópolis;MA;-5.546370;-47.421700
5206909;Davinópolis;GO;-18.150100;-47.556800
3121100;Delfim Moreira;MG;-22.503600;-45.279200
3121209;Delfinópolis;MG;-20.346800;-46.845600
2702405;Delmiro Gouveia;AL;-9.385340;-37.998700
3121258;Delta;MG;-19.972100;-47.784100
2203305;Demerval Lobão;PI;-5.358750;-42.677600
5103452;Denise;MT;-14.732400;-57.058300
5003454;Deodápolis;MS;-22.276300;-54.168200
2304269;Deputado Irapuan Pinheiro;CE;-5.914850;-39.257000
4306320;Derrubadas;RS;-27.264200;-53.864500
3513702;Descalvado;SP;-21.900200;-47.618100
4204905;Descanso;SC;-26.827000;-53.503400
3121308;Descoberto;MG;-21.460000;-42.961800
2505402;Desterro;PB;-7.287000;-37.092500
3121407;Desterro de Entre Rios;MG;-20.665000;-44.333400
3121506;Desterro do Melo;MG;-21.143000;-43.517800
4306353;Dezesseis de Novembro;RS;-28.219000;-55.061700
3513801;Diadema;SP;-23.681300;-46.620500
2505600;Diamante;PB;-7.417380;-38.261500
4107157;Diamante D'Oeste;PR;-24.941900;-54.105200
4107108;Diamante do Norte;PR;-22.655000;-52.861700
4107124;Diamante do Sul;PR;-25.035000;-52.676800
3121605;Diamantina;MG;-18.241300;-43.603100
5103502;Diamantino;MT;-14.403700;-56.436600
1707009;Dianópolis;TO;-11.624000;-46.819800
2910057;Dias d'Ávila;BA;-12.618700;-38.292600
4306379;Dilermando de Aguiar;RS;-29.705400;-54.212200
3121704;Diogo de Vasconcelos;MG;-20.487900;-43.195300
3121803;Dionísio;MG;-19.843300;-42.770100
4205001;Dionísio Cerqueira;SC;-26.264800;-53.635100
5207105;Diorama;GO;-16.232900;-51.254300
3513850;Dirce Reis;SP;-20.464200;-50.607300
2203354;Dirceu Arcoverde;PI;-9.339390;-42.434800
2802007;Divina Pastora;SE;-10.678200;-37.150600
3121902;Divinésia;MG;-20.991700;-43.000300
3122009;Divino;MG;-20.613400;-42.143800
3122108;Divino das Laranjeiras;MG;-18.775500;-41.478100
3201803;Divino de São Lourenço;ES;-20.622900;-41.693700
3513900;Divinolândia;SP;-21.663700;-46.736100
3122207;Divinolândia de Minas;MG;-18.800400;-42.610300
3122306;Divinópolis;MG;-20.144600;-44.891200
5208301;Divinópolis de Goiás;GO;-13.285300;-46.399900
1707108;Divinópolis do Tocantins;TO;-9.800180;-49.216900
3122355;Divisa Alegre;MG;-15.722100;-41.346300
3122405;Divisa Nova;MG;-21.509200;-46.190400
3122454;Divisópolis;MG;-15.725400;-40.999700
3514007;Dobrada;SP;-21.515500;-48.393500
3514106;Dois Córregos;SP;-22.367300;-48.381900
4306403;Dois Irmãos;RS;-29.583600;-51.089800
4306429;Dois Irmãos das Missões;RS;-27.662100;-53.530400
5003488;Dois Irmãos do Buriti;MS;-20.684800;-55.291500
1707207;Dois Irmãos do Tocantins;TO;-9.255340;-49.063800
4306452;Dois Lajeados;RS;-28.983000;-51.839600
2702504;Dois Riachos;AL;-9.384650;-37.096500
4107207;Dois Vizinhos;PR;-25.740700;-53.057000
3514205;Dolcinópolis;SP;-20.124000;-50.514900
5103601;Dom Aquino;MT;-15.809900;-54.922300
2910107;Dom Basílio;BA;-13.756500;-41.767700
3122470;Dom Bosco;MG;-16.652000;-46.259700
3122504;Dom Cavati;MG;-19.373500;-42.112100
1502939;Dom Eliseu;PA;-4.199440;-47.824500
2203404;Dom Expedito Lopes;PI;-6.953320;-41.639600
4306502;Dom Feliciano;RS;-30.700400;-52.102600
2203453;Dom Inocêncio;PI;-9.005160;-41.969700
3122603;Dom Joaquim;MG;-18.961000;-43.254400
2910206;Dom Macedo Costa;BA;-12.901600;-39.192300
4306601;Dom Pedrito;RS;-30.975600;-54.669400
2103802;Dom Pedro;MA;-5.035180;-44.440900
4306551;Dom Pedro de Alcântara;RS;-29.363900;-49.853000
3122702;Dom Silvério;MG;-20.162700;-42.962700
3122801;Dom Viçoso;MG;-22.251100;-45.164300
3201902;Domingos Martins;ES;-20.360300;-40.659400
2203420;Domingos Mourão;PI;-4.249500;-41.268300
4205100;Dona Emma;SC;-26.981000;-49.726100
3122900;Dona Eusébia;MG;-21.319000;-42.807000
4306700;Dona Francisca;RS;-29.619500;-53.361700
2505709;Dona Inês;PB;-6.615660;-35.620500
3123007;Dores de Campos;MG;-21.113900;-44.020700
3123106;Dores de Guanhães;MG;-19.051600;-42.925400
3123205;Dores do Indaiá;MG;-19.462800;-45.592700
3202009;Dores do Rio Preto;ES;-20.693100;-41.840500
3123304;Dores do Turvo;MG;-20.978500;-43.183400
3123403;Doresópolis;MG;-20.286800;-45.900700
2605152;Dormentes;PE;-8.441160;-40.766200
5003504;Douradina;MS;-22.040500;-54.615800
4107256;Douradina;PR;-23.380700;-53.291800
3514304;Dourado;SP;-22.104400;-48.317800
3123502;Douradoquara;MG;-18.433800;-47.599300
5003702;Dourados;MS;-22.223100;-54.812000
4107306;Doutor Camargo;PR;-23.558200;-52.217800
4306734;Doutor Maurício Cardoso;RS;-27.510300;-54.357700
4205159;Doutor Pedrinho;SC;-26.717400;-49.479500
4306759;Doutor Ricardo;RS;-29.084000;-51.997200
2403202;Doutor Severiano;RN;-6.080820;-38.379400
4128633;Doutor Ulysses;PR;-24.566500;-49.421900
5207253;Doverlândia;GO;-16.718800;-52.318900
3514403;Dracena;SP;-21.484300;-51.535000
3514502;Duartina;SP;-22.414600;-49.408400
3301603;Duas Barras;RJ;-22.053600;-42.523200
2505808;Duas Estradas;PB;-6.684990;-35.418000
1707306;Dueré;TO;-11.341600;-49.271600
3514601;Dumont;SP;-21.232400;-47.975600
2103901;Duque Bacelar;MA;-4.150020;-42.947700
3301702;Duque de Caxias;RJ;-22.785800;-43.304900
3123528;Durandé;MG;-20.205800;-41.797700
3514700;Echaporã;SP;-22.432600;-50.203800
3202108;Ecoporanga;ES;-18.370200;-40.836000
5207352;Edealina;GO;-17.423900;-49.664400
5207402;Edéia;GO;-17.340600;-49.929500
1301407;Eirunepé;AM;-6.656770;-69.866200
5003751;Eldorado;MS;-23.786800;-54.283800
3514809;Eldorado;SP;-24.528100;-48.114100
1502954;Eldorado do Carajás;PA;-6.103890;-49.355300
4306767;Eldorado do Sul;RS;-30.084700;-51.618700
2203503;Elesbão Veloso;PI;-6.199470;-42.135500
3514908;Elias Fausto;SP;-23.042800;-47.368200
2203602;Eliseu Martins;PI;-8.096290;-43.670500
3514924;Elisiário;SP;-21.167800;-49.114600
2910305;Elísio Medrado;BA;-12.941700;-39.519100
3123601;Elói Mendes;MG;-21.608800;-45.569100
2505907;Emas;PB;-7.099640;-37.716300
3514957;Embaúba;SP;-20.979600;-48.832500
3515004;Embu das Artes;SP;-23.643700;-46.857900
3515103;Embu-Guaçu;SP;-23.829700;-46.813600
3515129;Emilianópolis;SP;-21.831400;-51.483200
4306809;Encantado;RS;-29.235100;-51.870300
2403301;Encanto;RN;-6.106910;-38.303300
2910404;Encruzilhada;BA;-15.530200;-40.912400
4306908;Encruzilhada do Sul;RS;-30.543000;-52.520400
4107405;Enéas Marques;PR;-25.944500;-53.165900
4107504;Engenheiro Beltrão;PR;-23.797000;-52.265900
3123700;Engenheiro Caldas;MG;-19.206500;-42.050300
3515152;Engenheiro Coelho;SP;-22.483600;-47.211000
3123809;Engenheiro Navarro;MG;-17.283100;-43.947000
3301801;Engenheiro Paulo de Frontin;RJ;-22.549800;-43.682700
4306924;Engenho Velho;RS;-27.706000;-52.914500
3123858;Entre Folhas;MG;-19.621800;-42.230600
2910503;Entre Rios;BA;-11.939200;-38.087100
4205175;Entre Rios;SC;-26.722500;-52.558500
3123908;Entre Rios de Minas;MG;-20.670600;-44.065400
4107538;Entre Rios do Oeste;PR;-24.704200;-54.238500
4306957;Entre Rios do Sul;RS;-27.529800;-52.734700
4306932;Entre-Ijuís;RS;-28.368600;-54.268600
1301506;Envira;AM;-7.437890;-70.028100
1200252;Epitaciolândia;AC;-11.018800;-68.734100
2403400;Equador;RN;-6.938350;-36.717000
4306973;Erebango;RS;-27.854400;-52.300500
4307005;Erechim;RS;-27.636400;-52.269700
2304277;Ererê;CE;-6.027510;-38.346100
2900504;Érico Cardoso;BA;-13.421500;-42.135200
4205191;Ermo;SC;-28.986900;-49.643000
4307054;Ernestina;RS;-28.497700;-52.583600
4307203;Erval Grande;RS;-27.392600;-52.574000
4307302;Erval Seco;RS;-27.544300;-53.500500
4205209;Erval Velho;SC;-27.274300;-51.443000
3124005;Ervália;MG;-20.840300;-42.654400
2605202;Escada;PE;-8.356720;-35.224100
4307401;Esmeralda;RS;-28.051800;-51.193300
3124104;Esmeraldas;MG;-19.764000;-44.306500
3124203;Espera Feliz;MG;-20.650800;-41.911900
2506004;Esperança;PB;-7.022780;-35.859700
4307450;Esperança do Sul;RS;-27.360300;-53.989100
4107520;Esperança Nova;PR;-23.723800;-53.811000
1707405;Esperantina;TO;-5.365930;-48.537800
2203701;Esperantina;PI;-3.888630;-42.232400
2104008;Esperantinópolis;MA;-4.879380;-44.692600
4107546;Espigão Alto do Iguaçu;PR;-25.421600;-52.834800
1100098;Espigão D'Oeste;RO;-11.526600;-61.025200
3124302;Espinosa;MG;-14.924900;-42.809000
2403509;Espírito Santo;RN;-6.335630;-35.305200
3124401;Espírito Santo do Dourado;MG;-22.045400;-45.954800
3515186;Espírito Santo do Pinhal;SP;-22.190900;-46.747700
3515194;Espírito Santo do Turvo;SP;-22.692500;-49.434100
2910602;Esplanada;BA;-11.794200;-37.943200
4307500;Espumoso;RS;-28.728600;-52.846100
4307559;Estação;RS;-27.913500;-52.263500
2802106;Estância;SE;-11.265900;-37.448400
4307609;Estância Velha;RS;-29.653500;-51.184300
4307708;Esteio;RS;-29.852000;-51.184100
3124500;Estiva;MG;-22.457700;-46.019100
3557303;Estiva Gerbi;SP;-22.271300;-46.948100
2104057;Estreito;MA;-6.560770;-47.443100
4307807;Estrela;RS;-29.500200;-51.949500
3515202;Estrela d'Oeste;SP;-20.287500;-50.404900
3124609;Estrela Dalva;MG;-21.741200;-42.457400
2702553;Estrela de Alagoas;AL;-9.390890;-36.764400
3124708;Estrela do Indaiá;MG;-19.516900;-45.785900
5207501;Estrela do Norte;GO;-13.866500;-49.071600
3515301;Estrela do Norte;SP;-22.485900;-51.663200
3124807;Estrela do Sul;MG;-18.739900;-47.695600
4307815;Estrela Velha;RS;-29.171300;-53.163900
2910701;Euclides da Cunha;BA;-10.507800;-39.015300
3515350;Euclides da Cunha Paulista;SP;-22.554500;-52.592800
4307831;Eugênio de Castro;RS;-28.531500;-54.150600
3124906;Eugenópolis;MG;-21.100200;-42.187800
2910727;Eunápolis;BA;-16.371500;-39.582100
2304285;Eusébio;CE;-3.892500;-38.455900
3125002;Ewbank da Câmara;MG;-21.549800;-43.506800
3125101;Extrema;MG;-22.854000;-46.317800
2403608;Extremoz;RN;-5.701430;-35.304800
2605301;Exu;PE;-7.503640;-39.723800
2506103;Fagundes;PB;-7.344540;-35.793100
4307864;Fagundes Varela;RS;-28.879400;-51.701400
5207535;Faina;GO;-15.447300;-50.362200
3125200;Fama;MG;-21.408900;-45.828600
3125309;Faria Lemos;MG;-20.809700;-42.021300
2304301;Farias Brito;CE;-6.921460;-39.565100
1503002;Faro;PA;-2.168050;-56.740500
4107553;Farol;PR;-24.095800;-52.621700
4307906;Farroupilha;RS;-29.222700;-51.341900
3515400;Fartura;SP;-23.391600;-49.512400
2203750;Fartura do Piauí;PI;-9.483420;-42.791200
1707553;Fátima;TO;-10.760300;-48.907600
2910750;Fátima;BA;-10.616000;-38.223900
5003801;Fátima do Sul;MS;-22.378900;-54.513100
4107603;Faxinal;PR;-24.007700;-51.322700
4308003;Faxinal do Soturno;RS;-29.578800;-53.448400
4205308;Faxinal dos Guedes;SC;-26.845100;-52.259600
4308052;Faxinalzinho;RS;-27.423800;-52.678900
5207600;Fazenda Nova;GO;-16.183400;-50.778100
4107652;Fazenda Rio Grande;PR;-25.662400;-49.307300
4308078;Fazenda Vilanova;RS;-29.588500;-51.821700
1200302;Feijó;AC;-8.170540;-70.351000
2910776;Feira da Mata;BA;-14.204400;-44.274400
2910800;Feira de Santana;BA;-12.266400;-38.966300
2702603;Feira Grande;AL;-9.898590;-36.681500
2605400;Feira Nova;PE;-7.947040;-35.380100
2802205;Feira Nova;SE;-10.261600;-37.314700
2104073;Feira Nova do Maranhão;MA;-6.965080;-46.678600
3125408;Felício dos Santos;MG;-18.075500;-43.242200
2403707;Felipe Guerra;RN;-5.592740;-37.687500
3125606;Felisburgo;MG;-16.634800;-40.760500
3125705;Felixlândia;MG;-18.750700;-44.900400
4308102;Feliz;RS;-29.452700;-51.303200
2702702;Feliz Deserto;AL;-10.293500;-36.302800
5103700;Feliz Natal;MT;-12.385000;-54.922700
4107702;Fênix;PR;-23.913500;-51.980500
4107736;Fernandes Pinheiro;PR;-25.410700;-50.545600
3125804;Fernandes Tourinho;MG;-19.154100;-42.080300
2605459;Fernando de Noronha;PE;-3.839600;-32.410700
2104081;Fernando Falcão;MA;-6.162070;-44.897900
2403756;Fernando Pedroza;RN;-5.690960;-36.528200
3515608;Fernando Prestes;SP;-21.266100;-48.687400
3515509;Fernandópolis;SP;-20.280600;-50.247100
3515657;Fernão;SP;-22.360700;-49.518700
3515707;Ferraz de Vasconcelos;SP;-23.541100;-46.371000
1600238;Ferreira Gomes;AP;0.857256;-51.179500
2605509;Ferreiros;PE;-7.446660;-35.237300
3125903;Ferros;MG;-19.234300;-43.019200
3125952;Fervedouro;MG;-20.726000;-42.279000
4107751;Figueira;PR;-23.845500;-50.403100
5003900;Figueirão;MS;-18.678200;-53.638000
1707652;Figueirópolis;TO;-12.131200;-49.174800
5103809;Figueirópolis D'Oeste;MT;-15.443900;-58.739100
1707702;Filadélfia;TO;-7.335010;-47.495400
2910859;Filadélfia;BA;-10.740500;-40.143700
2910909;Firmino Alves;BA;-14.982300;-39.926900
5207808;Firminópolis;GO;-16.577800;-50.304000
2702801;Flexeiras;AL;-9.272810;-35.713900
4107850;Flor da Serra do Sul;PR;-26.252300;-53.309200
4205357;Flor do Sertão;SC;-26.781100;-53.350500
3515806;Flora Rica;SP;-21.672700;-51.382100
4107801;Floraí;PR;-23.317800;-52.302900
2403806;Florânia;RN;-6.122640;-36.822600
3515905;Floreal;SP;-20.675200;-50.151300
2605608;Flores;PE;-7.858420;-37.971500
4308201;Flores da Cunha;RS;-29.026100;-51.187500
5207907;Flores de Goiás;GO;-14.445100;-47.041700
2203800;Flores do Piauí;PI;-7.787930;-42.918000
4107900;Floresta;PR;-23.603100;-52.080700
2605707;Floresta;PE;-8.603070;-38.568700
2911006;Floresta Azul;BA;-14.862900;-39.657900
1503044;Floresta do Araguaia;PA;-7.553350;-49.712500
2203859;Floresta do Piauí;PI;-7.466820;-41.788300
3126000;Florestal;MG;-19.888000;-44.431800
4108007;Florestópolis;PR;-22.862300;-51.388200
2203909;Floriano;PI;-6.771820;-43.024100
4308250;Floriano Peixoto;RS;-27.861400;-52.083800
4205407;Florianópolis;SC;-27.594500;-48.547700
4108106;Flórida;PR;-23.084700;-51.954600
3516002;Flórida Paulista;SP;-21.612700;-51.172400
3516101;Florínia;SP;-22.868000;-50.681400
1301605;Fonte Boa;AM;-2.523420;-66.094200
4308300;Fontoura Xavier;RS;-28.981700;-52.344500
3126109;Formiga;MG;-20.461800;-45.426800
4308409;Formigueiro;RS;-30.003500;-53.495900
5208004;Formosa;GO;-15.540000;-47.337000
2104099;Formosa da Serra Negra;MA;-6.440170;-46.191600
4108205;Formosa do Oeste;PR;-24.295100;-53.311400
2911105;Formosa do Rio Preto;BA;-11.032800;-45.193000
4205431;Formosa do Sul;SC;-26.645300;-52.794600
5208103;Formoso;GO;-13.649900;-48.877500
3126208;Formoso;MG;-14.944600;-46.237100
1708205;Formoso do Araguaia;TO;-11.797600;-49.531600
4308433;Forquetinha;RS;-29.382800;-52.098100
2304350;Forquilha;CE;-3.799450;-40.263400
4205456;Forquilhinha;SC;-28.745400;-49.478500
2304400;Fortaleza;CE;-3.716640;-38.542300
3126307;Fortaleza de Minas;MG;-20.850800;-46.712000
1708254;Fortaleza do Tabocão;TO;-9.056110;-48.520600
2104107;Fortaleza dos Nogueiras;MA;-6.959830;-46.174900
4308458;Fortaleza dos Valos;RS;-28.798600;-53.224900
2304459;Fortim;CE;-4.451260;-37.798100
2104206;Fortuna;MA;-5.727920;-44.156500
3126406;Fortuna de Minas;MG;-19.557800;-44.447200
4108304;Foz do Iguaçu;PR;-25.542700;-54.582700
4108452;Foz do Jordão;PR;-25.737100;-52.118800
4205506;Fraiburgo;SC;-27.023300;-50.920000
3516200;Franca;SP;-20.535200;-47.403900
2204006;Francinópolis;PI;-6.393340;-42.259100
4108320;Francisco Alves;PR;-24.066700;-53.846100
2204105;Francisco Ayres;PI;-6.626060;-42.688100
3126505;Francisco Badaró;MG;-16.988300;-42.356800
4108403;Francisco Beltrão;PR;-26.081700;-53.053500
2403905;Francisco Dantas;RN;-6.072340;-38.121200
3126604;Francisco Dumont;MG;-17.310700;-44.231700
2204154;Francisco Macedo;PI;-7.331000;-40.788000
3516309;Francisco Morato;SP;-23.279200;-46.744800
3126703;Francisco Sá;MG;-16.482700;-43.489600
2204204;Francisco Santos;PI;-6.994910;-41.128800
3126752;Franciscópolis;MG;-17.957800;-42.009400
3516408;Franco da Rocha;SP;-23.322900;-46.729000
2304509;Frecheirinha;CE;-3.755570;-40.818000
4308508;Frederico Westphalen;RS;-27.358600;-53.395800
3126802;Frei Gaspar;MG;-18.070900;-41.432500
3126901;Frei Inocêncio;MG;-18.555600;-41.912100
3126950;Frei Lagonegro;MG;-18.175100;-42.761700
2506202;Frei Martinho;PB;-6.397590;-36.452600
2605806;Frei Miguelinho;PE;-7.939180;-35.911300
2802304;Frei Paulo;SE;-10.551300;-37.527900
4205555;Frei Rogério;SC;-27.175000;-50.807600
3127008;Fronteira;MG;-20.274800;-49.198400
3127057;Fronteira dos Vales;MG;-16.889800;-40.923000
2204303;Fronteiras;PI;-7.081730;-40.614600
3127073;Fruta de Leite;MG;-16.122500;-42.528800
3127107;Frutal;MG;-20.025900;-48.935500
2404002;Frutuoso Gomes;RN;-6.156690;-37.837500
3202207;Fundão;ES;-19.937000;-40.407800
3127206;Funilândia;MG;-19.366100;-44.061000
3516507;Gabriel Monteiro;SP;-21.529400;-50.557300
2506251;Gado Bravo;PB;-7.582790;-35.789900
3516606;Gália;SP;-22.291800;-49.550400
3127305;Galiléia;MG;-19.000500;-41.538700
2404101;Galinhos;RN;-5.090900;-36.275400
4205605;Galvão;SC;-26.454900;-52.687500
2605905;Gameleira;PE;-8.579800;-35.384600
5208152;Gameleira de Goiás;GO;-16.485400;-48.645400
3127339;Gameleiras;MG;-15.082900;-43.125000
2911204;Gandu;BA;-13.744100;-39.474700
2606002;Garanhuns;PE;-8.882430;-36.496600
2802403;Gararu;SE;-9.972200;-37.086900
3516705;Garça;SP;-22.212500;-49.654600
4308607;Garibaldi;RS;-29.259000;-51.535200
4205704;Garopaba;SC;-28.027500;-48.619200
1503077;Garrafão do Norte;PA;-1.929860;-47.050500
4308656;Garruchos;RS;-28.194400;-55.638300
4205803;Garuva;SC;-26.029200;-48.852000
4205902;Gaspar;SC;-26.933600;-48.953400
3516804;Gastão Vidigal;SP;-20.794800;-50.191200
5103858;Gaúcha do Norte;MT;-13.244300;-53.080900
4308706;Gaurama;RS;-27.585600;-52.091500
2911253;Gavião;BA;-11.468800;-39.775700
3516853;Gavião Peixoto;SP;-21.836700;-48.495700
2204352;Geminiano;PI;-7.154760;-41.340900
4308805;General Câmara;RS;-29.903200;-51.761200
5103908;General Carneiro;MT;-15.709400;-52.757400
4108502;General Carneiro;PR;-26.425000;-51.317200
2802502;General Maynard;SE;-10.683500;-36.983800
3516903;General Salgado;SP;-20.648500;-50.364000
2304608;General Sampaio;CE;-4.043510;-39.454000
4308854;Gentil;RS;-28.431600;-52.033700
2911303;Gentio do Ouro;BA;-11.434200;-42.507700
3517000;Getulina;SP;-21.796100;-49.931200
4308904;Getúlio Vargas;RS;-27.891100;-52.229400
2204402;Gilbués;PI;-9.830010;-45.342300
2702900;Girau do Ponciano;AL;-9.884040;-36.831600
4309001;Giruá;RS;-28.029700;-54.351700
3127354;Glaucilândia;MG;-16.848100;-43.692000
3517109;Glicério;SP;-21.381200;-50.212300
2911402;Glória;BA;-9.343820;-38.254400
5103957;Glória D'Oeste;MT;-15.768000;-58.310800
5004007;Glória de Dourados;MS;-22.413600;-54.233500
2606101;Glória do Goitá;PE;-8.005680;-35.290400
4309050;Glorinha;RS;-29.879800;-50.773400
2104305;Godofredo Viana;MA;-1.402590;-45.779500
4108551;Godoy Moreira;PR;-24.173000;-51.924600
3127370;Goiabeira;MG;-18.980700;-41.223500
3127388;Goianá;MG;-21.536000;-43.195700
2606200;Goiana;PE;-7.560600;-34.995900
5208400;Goianápolis;GO;-16.509800;-49.023400
5208509;Goiandira;GO;-18.135200;-48.087500
5208608;Goianésia;GO;-15.311800;-49.116200
1503093;Goianésia do Pará;PA;-3.843380;-49.097400
5208707;Goiânia;GO;-16.686400;-49.264300
2404200;Goianinha;RN;-6.264860;-35.194300
5208806;Goianira;GO;-16.494700;-49.427000
1708304;Goianorte;TO;-8.774130;-48.931300
5208905;Goiás;GO;-15.933300;-50.140000
1709005;Goiatins;TO;-7.714780;-47.325200
5209101;Goiatuba;GO;-18.010500;-49.365800
4108601;Goioerê;PR;-24.183500;-53.024800
4108650;Goioxim;PR;-25.192700;-51.991100
3127404;Gonçalves;MG;-22.654500;-45.855600
2104404;Gonçalves Dias;MA;-5.147500;-44.301300
2911501;Gongogi;BA;-14.319500;-39.469000
3127503;Gonzaga;MG;-18.819600;-42.476900
3127602;Gouveia;MG;-18.451900;-43.742300
5209150;Gouvelândia;GO;-18.623800;-50.080500
2104503;Governador Archer;MA;-5.020780;-44.275400
4206009;Governador Celso Ramos;SC;-27.317200;-48.557600
2404309;Governador Dix-Sept Rosado;RN;-5.448870;-37.518300
2104552;Governador Edison Lobão;MA;-5.749730;-47.364600
2104602;Governador Eugênio Barros;MA;-5.318970;-44.246900
1101005;Governador Jorge Teixeira;RO;-10.610000;-62.737100
3202256;Governador Lindenberg;ES;-19.186400;-40.447300
2104628;Governador Luiz Rocha;MA;-5.478350;-44.077400
2911600;Governador Mangabeira;BA;-12.599400;-39.041200
2104651;Governador Newton Bello;MA;-3.432450;-45.661900
2104677;Governador Nunes Freire;MA;-2.128990;-45.877700
3127701;Governador Valadares;MG;-18.854500;-41.955500
2304657;Graça;CE;-4.044220;-40.749000
2104701;Graça Aranha;MA;-5.405470;-44.335800
2802601;Gracho Cardoso;SE;-10.225200;-37.200600
2104800;Grajaú;MA;-5.813670;-46.146200
4309100;Gramado;RS;-29.373400;-50.876200
4309126;Gramado dos Loureiros;RS;-27.442900;-52.914900
4309159;Gramado Xavier;RS;-29.270600;-52.579500
4108700;Grandes Rios;PR;-24.146600;-51.509400
2606309;Granito;PE;-7.707110;-39.615000
2304707;Granja;CE;-3.127880;-40.837200
2304806;Granjeiro;CE;-6.881340;-39.214400
3127800;Grão Mogol;MG;-16.566200;-42.892300
4206108;Grão Pará;SC;-28.180900;-49.225200
2606408;Gravatá;PE;-8.211180;-35.567500
4309209;Gravataí;RS;-29.941300;-50.986900
4206207;Gravatal;SC;-28.320800;-49.042700
2304905;Groaíras;CE;-3.917870;-40.385200
2404408;Grossos;RN;-4.980680;-37.162100
3127909;Grupiara;MG;-18.500300;-47.731800
4309258;Guabiju;RS;-28.542100;-51.694800
4206306;Guabiruba;SC;-27.080800;-48.980400
3202306;Guaçuí;ES;-20.766800;-41.673400
2204501;Guadalupe;PI;-6.782850;-43.559400
4309308;Guaíba;RS;-30.108600;-51.323300
3517208;Guaiçara;SP;-21.619500;-49.801300
3517307;Guaimbê;SP;-21.909100;-49.898600
3517406;Guaíra;SP;-20.319600;-48.312000
4108809;Guaíra;PR;-24.085000;-54.257300
4108908;Guairaçá;PR;-22.932000;-52.690600
2304954;Guaiúba;CE;-4.040570;-38.640400
1301654;Guajará;AM;-7.537970;-72.590700
1100106;Guajará-Mirim;RO;-10.788900;-65.329600
2911659;Guajeru;BA;-14.546700;-41.938100
2404507;Guamaré;RN;-5.106190;-36.322200
4108957;Guamiranga;PR;-25.191200;-50.802100
2911709;Guanambi;BA;-14.223100;-42.779900
3128006;Guanhães;MG;-18.771300;-42.931200
3128105;Guapé;MG;-20.763100;-45.915200
3517505;Guapiaçu;SP;-20.795900;-49.217200
3517604;Guapiara;SP;-24.189200;-48.529500
3301850;Guapimirim;RJ;-22.534700;-42.989500
4109005;Guapirama;PR;-23.520300;-50.040700
5209200;Guapó;GO;-16.829700;-49.534500
4309407;Guaporé;RS;-28.839900;-51.889500
4109104;Guaporema;PR;-23.340200;-52.778600
3517703;Guará;SP;-20.430200;-47.823600
2506301;Guarabira;PB;-6.850640;-35.485000
3517802;Guaraçaí;SP;-21.029200;-51.211900
3517901;Guaraci;SP;-20.497700;-48.939100
4109203;Guaraci;PR;-22.969400;-51.650400
3128204;Guaraciaba;MG;-20.571600;-43.009400
4206405;Guaraciaba;SC;-26.604200;-53.524300
2305001;Guaraciaba do Norte;CE;-4.158140;-40.747600
3128253;Guaraciama;MG;-17.014200;-43.667500
1709302;Guaraí;TO;-8.835430;-48.511400
5209291;Guaraíta;GO;-15.612100;-50.026500
2305100;Guaramiranga;CE;-4.262480;-38.932000
4206504;Guaramirim;SC;-26.468800;-49.002600
3128303;Guaranésia;MG;-21.300900;-46.796400
3128402;Guarani;MG;-21.356300;-43.032800
3518008;Guarani d'Oeste;SP;-20.074600;-50.341100
4309506;Guarani das Missões;RS;-28.149100;-54.562900
5209408;Guarani de Goiás;GO;-13.942100;-46.486800
4109302;Guaraniaçu;PR;-25.096800;-52.875500
3518107;Guarantã;SP;-21.894200;-49.591400
5104104;Guarantã do Norte;MT;-9.962180;-54.912100
3202405;Guarapari;ES;-20.677200;-40.509300
4109401;Guarapuava;PR;-25.390200;-51.462300
4109500;Guaraqueçaba;PR;-25.307100;-48.320400
3128501;Guarará;MG;-21.730400;-43.033400
3518206;Guararapes;SP;-21.254400;-50.645300
3518305;Guararema;SP;-23.411200;-46.036900
2911808;Guaratinga;BA;-16.583300;-39.784700
3518404;Guaratinguetá;SP;-22.807500;-45.193800
4109609;Guaratuba;PR;-25.881700;-48.575200
3128600;Guarda-Mor;MG;-17.767300;-47.099800
3518503;Guareí;SP;-23.371400;-48.183700
3518602;Guariba;SP;-21.359400;-48.231600
2204550;Guaribas;PI;-9.386470;-43.694300
5209457;Guarinos;GO;-14.729200;-49.700600
3518701;Guarujá;SP;-23.988800;-46.258000
4206603;Guarujá do Sul;SC;-26.385800;-53.529600
3518800;Guarulhos;SP;-23.453800;-46.533300
4206652;Guatambú;SC;-27.134100;-52.788700
3518859;Guatapará;SP;-21.494400;-48.035600
3128709;Guaxupé;MG;-21.305000;-46.708100
5004106;Guia Lopes da Laguna;MS;-21.458300;-56.111700
3128808;Guidoval;MG;-21.155000;-42.788700
2104909;Guimarães;MA;-2.127550;-44.602000
3128907;Guimarânia;MG;-18.842500;-46.790100
5104203;Guiratinga;MT;-16.346000;-53.757500
3129004;Guiricema;MG;-21.009800;-42.720700
3129103;Gurinhatã;MG;-19.214300;-49.787600
2506400;Gurinhém;PB;-7.123300;-35.422200
2506509;Gurjão;PB;-7.248330;-36.492300
1503101;Gurupá;PA;-1.414120;-51.633800
1709500;Gurupi;TO;-11.727900;-49.068000
3518909;Guzolândia;SP;-20.646700;-50.664500
4309555;Harmonia;RS;-29.545600;-51.418500
5209606;Heitoraí;GO;-15.719000;-49.826800
3129202;Heliodora;MG;-22.064400;-45.545300
2911857;Heliópolis;BA;-10.682500;-38.290700
3519006;Herculândia;SP;-22.003800;-50.390700
4307104;Herval;RS;-32.024000;-53.394400
4206702;Herval d'Oeste;SC;-27.190300;-51.491700
4309571;Herveiras;RS;-29.455200;-52.655300
5209705;Hidrolândia;GO;-16.962600;-49.226500
2305209;Hidrolândia;CE;-4.409580;-40.405600
5209804;Hidrolina;GO;-14.726100;-49.463400
3519055;Holambra;SP;-22.640500;-47.048700
4109658;Honório Serpa;PR;-26.139000;-52.384800
2305233;Horizonte;CE;-4.120900;-38.470700
4309605;Horizontina;RS;-27.628200;-54.305300
3519071;Hortolândia;SP;-22.852900;-47.214300
2204600;Hugo Napoleão;PI;-5.988600;-42.559800
4309654;Hulha Negra;RS;-31.406700;-53.866700
4309704;Humaitá;RS;-27.569100;-53.969500
1301704;Humaitá;AM;-7.511710;-63.032700
2105005;Humberto de Campos;MA;-2.598280;-43.464900
3519105;Iacanga;SP;-21.889600;-49.031000
5209903;Iaciara;GO;-14.101100;-46.633500
3519204;Iacri;SP;-21.857200;-50.693200
2911907;Iaçu;BA;-12.766600;-40.205600
3129301;Iapu;MG;-19.438700;-42.214700
3519253;Iaras;SP;-22.868200;-49.163400
2606507;Iati;PE;-9.045590;-36.849800
4109708;Ibaiti;PR;-23.847800;-50.193200
4309753;Ibarama;RS;-29.420300;-53.129500
2305266;Ibaretama;CE;-4.803760;-38.750100
3519303;Ibaté;SP;-21.958400;-47.988200
2703007;Ibateguara;AL;-8.978230;-35.937300
3202454;Ibatiba;ES;-20.234700;-41.508700
4109757;Ibema;PR;-25.119300;-53.007200
3129400;Ibertioga;MG;-21.433000;-43.963900
3129509;Ibiá;MG;-19.474900;-46.547400
4309803;Ibiaçá;RS;-28.056600;-51.859900
3129608;Ibiaí;MG;-16.859100;-44.904600
4206751;Ibiam;SC;-27.184700;-51.235200
2305308;Ibiapina;CE;-3.924030;-40.891100
2506608;Ibiara;PB;-7.479570;-38.405900
2912004;Ibiassucê;BA;-14.271100;-42.257000
2912103;Ibicaraí;BA;-14.857900;-39.591400
4206801;Ibicaré;SC;-27.088100;-51.368100
2912202;Ibicoara;BA;-13.405900;-41.284000
2912301;Ibicuí;BA;-14.845000;-39.987900
2305332;Ibicuitinga;CE;-4.969990;-38.636200
2606606;Ibimirim;PE;-8.540260;-37.703200
2912400;Ibipeba;BA;-11.643800;-42.019500
2912509;Ibipitanga;BA;-12.880400;-42.485600
4109807;Ibiporã;PR;-23.265900;-51.052200
2912608;Ibiquera;BA;-12.644400;-40.933800
3519402;Ibirá;SP;-21.083000;-49.244800
3129657;Ibiracatu;MG;-15.660500;-44.166700
3129707;Ibiraci;MG;-20.461100;-47.122200
3202504;Ibiraçu;ES;-19.836600;-40.373200
4309902;Ibiraiaras;RS;-28.374100;-51.637700
2606705;Ibirajuba;PE;-8.576330;-36.181200
4206900;Ibirama;SC;-27.054700;-49.519300
2912707;Ibirapitanga;BA;-14.164900;-39.378700
2912806;Ibirapuã;BA;-17.683200;-40.112900
4309951;Ibirapuitã;RS;-28.624700;-52.515800
3519501;Ibirarema;SP;-22.818500;-50.073900
2912905;Ibirataia;BA;-14.064300;-39.645900
3129806;Ibirité;MG;-20.025200;-44.056900
4310009;Ibirubá;RS;-28.630200;-53.096100
2913002;Ibitiara;BA;-12.650200;-42.217900
3519600;Ibitinga;SP;-21.756200;-48.831900
3202553;Ibitirama;ES;-20.546600;-41.666700
2913101;Ibititá;BA;-11.541400;-41.974800
3129905;Ibitiúra de Minas;MG;-22.060400;-46.436800
3130002;Ibituruna;MG;-21.154100;-44.747900
3519709;Ibiúna;SP;-23.659600;-47.223000
2913200;Ibotirama;BA;-12.177900;-43.216700
2305357;Icapuí;CE;-4.712060;-37.353100
4207007;Içara;SC;-28.713200;-49.308700
3130051;Icaraí de Minas;MG;-16.214000;-44.903400
4109906;Icaraíma;PR;-23.394400;-53.615000
2105104;Icatu;MA;-2.772060;-44.050100
3519808;Icém;SP;-20.339100;-49.191500
2913309;Ichu;BA;-11.743100;-39.190500
2305407;Icó;CE;-6.396270;-38.855400
3202603;Iconha;ES;-20.791300;-40.813200
2404606;Ielmo Marinho;RN;-5.824470;-35.550000
3519907;Iepê;SP;-22.660200;-51.077900
2703106;Igaci;AL;-9.537680;-36.637200
2913408;Igaporã;BA;-13.774000;-42.715500
3520004;Igaraçu do Tietê;SP;-22.509000;-48.559700
2502607;Igaracy;PB;-7.171840;-38.147800
3520103;Igarapava;SP;-20.040700;-47.746600
3130101;Igarapé;MG;-20.070700;-44.299400
2105153;Igarapé do Meio;MA;-3.657710;-45.211400
2105203;Igarapé Grande;MA;-4.662500;-44.855800
1503200;Igarapé-Açu;PA;-1.125390;-47.626000
1503309;Igarapé-Miri;PA;-1.975330;-48.957500
2606804;Igarassu;PE;-7.828810;-34.901300
3520202;Igaratá;SP;-23.203700;-46.157000
3130200;Igaratinga;MG;-19.947600;-44.706300
2913457;Igrapiúna;BA;-13.829500;-39.136100
2703205;Igreja Nova;AL;-10.123500;-36.659700
4310108;Igrejinha;RS;-29.569300;-50.791900
3301876;Iguaba Grande;RJ;-22.849500;-42.229900
2913507;Iguaí;BA;-14.752800;-40.089400
3520301;Iguape;SP;-24.699000;-47.553700
4110003;Iguaraçu;PR;-23.194900;-51.825600
2606903;Iguaracy;PE;-7.832220;-37.508200
3130309;Iguatama;MG;-20.177600;-45.711100
5004304;Iguatemi;MS;-23.673600;-54.563700
2305506;Iguatu;CE;-6.362810;-39.289200
4110052;Iguatu;PR;-24.715300;-53.082700
3130408;Ijaci;MG;-21.173800;-44.923300
4310207;Ijuí;RS;-28.388000;-53.920000
3520426;Ilha Comprida;SP;-24.730700;-47.538300
2802700;Ilha das Flores;SE;-10.442500;-36.547900
2607604;Ilha de Itamaracá;PE;-7.747660;-34.830300
2204659;Ilha Grande;PI;-2.857740;-41.818600
3520442;Ilha Solteira;SP;-20.432600;-51.342600
3520400;Ilhabela;SP;-23.778500;-45.355200
2913606;Ilhéus;BA;-14.793000;-39.046000
4207106;Ilhota;SC;-26.902300;-48.825100
3130507;Ilicínea;MG;-20.940200;-45.830800
4310306;Ilópolis;RS;-28.928200;-52.125800
2506707;Imaculada;PB;-7.388900;-37.507900
4207205;Imaruí;SC;-28.333900;-48.817000
4110078;Imbaú;PR;-24.448000;-50.753300
4310330;Imbé;RS;-29.975300;-50.128100
3130556;Imbé de Minas;MG;-19.601700;-41.969500
4207304;Imbituba;SC;-28.228400;-48.665900
4110102;Imbituva;PR;-25.228500;-50.598900
4207403;Imbuia;SC;-27.490800;-49.421800
4310363;Imigrante;RS;-29.350800;-51.774800
2105302;Imperatriz;MA;-5.518470;-47.477700
4110201;Inácio Martins;PR;-25.570400;-51.076900
5209937;Inaciolândia;GO;-18.486900;-49.988800
2607000;Inajá;PE;-8.902060;-37.835100
4110300;Inajá;PR;-22.750900;-52.199500
3130606;Inconfidentes;MG;-22.313600;-46.326400
3130655;Indaiabira;MG;-15.491100;-42.200500
4207502;Indaial;SC;-26.899200;-49.235400
3520509;Indaiatuba;SP;-23.081600;-47.210100
4310405;Independência;RS;-27.835400;-54.188600
2305605;Independência;CE;-5.387890;-40.308500
3520608;Indiana;SP;-22.173800;-51.255500
4110409;Indianópolis;PR;-23.476200;-52.698900
3130705;Indianópolis;MG;-19.034100;-47.915500
3520707;Indiaporã;SP;-19.979000;-50.290900
5209952;Indiara;GO;-17.138700;-49.986200
2802809;Indiaroba;SE;-11.515700;-37.515000
5104500;Indiavaí;MT;-15.492100;-58.580200
2506806;Ingá;PB;-7.281440;-35.605000
3130804;Ingaí;MG;-21.402400;-44.915200
2607109;Ingazeira;PE;-7.669090;-37.457600
4310413;Inhacorá;RS;-27.875200;-54.015000
2913705;Inhambupe;BA;-11.781000;-38.355000
1503408;Inhangapi;PA;-1.434900;-47.911400
2703304;Inhapi;AL;-9.225940;-37.750900
3130903;Inhapim;MG;-19.547600;-42.114700
3131000;Inhaúma;MG;-19.489800;-44.393400
2204709;Inhuma;PI;-6.665000;-41.704100
5210000;Inhumas;GO;-16.361100;-49.500100
3131109;Inimutaba;MG;-18.727100;-44.358400
5004403;Inocência;MS;-19.727700;-51.928100
3520806;Inúbia Paulista;SP;-21.769500;-50.963300
4207577;Iomerê;SC;-27.001900;-51.244200
3131158;Ipaba;MG;-19.415800;-42.413900
5210109;Ipameri;GO;-17.721500;-48.158100
3131208;Ipanema;MG;-19.799200;-41.716400
2404705;Ipanguaçu;RN;-5.489840;-36.850100
2305654;Ipaporanga;CE;-4.897640;-40.753700
3131307;Ipatinga;MG;-19.470300;-42.547600
2305704;Ipaumirim;CE;-6.782650;-38.717900
3520905;Ipaussu;SP;-23.057500;-49.627900
4310439;Ipê;RS;-28.817100;-51.285900
2913804;Ipecaetá;BA;-12.302800;-39.306900
3521002;Iperó;SP;-23.351300;-47.692700
3521101;Ipeúna;SP;-22.435500;-47.715100
3131406;Ipiaçu;MG;-18.692700;-49.943600
2913903;Ipiaú;BA;-14.122600;-39.735300
3521150;Ipiguá;SP;-20.655700;-49.384200
2914000;Ipirá;BA;-12.156100;-39.735900
4207601;Ipira;SC;-27.403800;-51.775800
4110508;Ipiranga;PR;-25.023800;-50.579400
5210158;Ipiranga de Goiás;GO;-15.168900;-49.669500
5104526;Ipiranga do Norte;MT;-12.240800;-56.153100
2204808;Ipiranga do Piauí;PI;-6.824210;-41.738100
4310462;Ipiranga do Sul;RS;-27.940400;-52.427100
1301803;Ipixuna;AM;-7.047910;-71.693400
1503457;Ipixuna do Pará;PA;-2.559920;-47.505900
2607208;Ipojuca;PE;-8.393030;-35.060900
4110607;Iporã;PR;-24.008300;-53.706000
5210208;Iporá;GO;-16.439800;-51.118000
4207650;Iporã do Oeste;SC;-26.985400;-53.535500
3521200;Iporanga;SP;-24.584700;-48.597100
2305803;Ipu;CE;-4.317480;-40.705900
3521309;Ipuã;SP;-20.443800;-48.012900
4207684;Ipuaçu;SC;-26.635000;-52.455600
2607307;Ipubi;PE;-7.645050;-40.147600
2404804;Ipueira;RN;-6.805960;-37.204500
1709807;Ipueiras;TO;-11.232900;-48.460000
2305902;Ipueiras;CE;-4.538020;-40.711800
3131505;Ipuiúna;MG;-22.101300;-46.191500
4207700;Ipumirim;SC;-27.077200;-52.128900
2914109;Ipupiara;BA;-11.821900;-42.617900
1400282;Iracema;RR;2.183050;-61.041500
2306009;Iracema;CE;-5.812400;-38.291900
4110656;Iracema do Oeste;PR;-24.426200;-53.352800
3521408;Iracemápolis;SP;-22.583200;-47.523000
4207759;Iraceminha;SC;-26.821500;-53.276700
4310504;Iraí;RS;-27.195100;-53.254300
3131604;Iraí de Minas;MG;-18.981900;-47.461000
2914208;Irajuba;BA;-13.256300;-40.084800
2914307;Iramaia;BA;-13.290200;-40.959500
1301852;Iranduba;AM;-3.274790;-60.190000
4207809;Irani;SC;-27.028700;-51.901200
3521507;Irapuã;SP;-21.276800;-49.416400
3521606;Irapuru;SP;-21.568400;-51.347200
2914406;Iraquara;BA;-12.242900;-41.615500
2914505;Irará;BA;-12.050400;-38.763100
4110706;Irati;PR;-25.469700;-50.649300
4207858;Irati;SC;-26.653900;-52.895500
2306108;Irauçuba;CE;-3.747370;-39.784300
2914604;Irecê;BA;-11.303300;-41.853500
4110805;Iretama;PR;-24.425300;-52.101200
4207908;Irineópolis;SC;-26.242000;-50.795700
1503507;Irituia;PA;-1.769840;-47.446000
3202652;Irupi;ES;-20.350100;-41.644400
2204907;Isaías Coelho;PI;-7.735970;-41.673500
5210307;Israelândia;GO;-16.314400;-50.908700
4208005;Itá;SC;-27.290700;-52.321200
4310538;Itaara;RS;-29.601300;-53.772500
2506905;Itabaiana;PB;-7.331670;-35.331700
2802908;Itabaiana;SE;-10.682600;-37.427300
2803005;Itabaianinha;SE;-11.269300;-37.787500
2914653;Itabela;BA;-16.573200;-39.559300
3521705;Itaberá;SP;-23.863800;-49.140000
2914703;Itaberaba;BA;-12.524200;-40.305900
5210406;Itaberaí;GO;-16.020600;-49.806000
2803104;Itabi;SE;-10.124800;-37.105600
3131703;Itabira;MG;-19.623900;-43.231200
3131802;Itabirinha;MG;-18.571200;-41.234000
3131901;Itabirito;MG;-20.250100;-43.803800
3301900;Itaboraí;RJ;-22.756500;-42.863900
2914802;Itabuna;BA;-14.787600;-39.278100
1710508;Itacajá;TO;-8.392930;-47.772600
3132008;Itacambira;MG;-17.062500;-43.306900
3132107;Itacarambi;MG;-15.089000;-44.095000
2914901;Itacaré;BA;-14.278400;-38.995900
1301902;Itacoatiara;AM;-3.138610;-58.444900
2607406;Itacuruba;PE;-8.822310;-38.697500
4310553;Itacurubi;RS;-28.791300;-55.244700
2915007;Itaeté;BA;-12.983100;-40.967700
2915106;Itagi;BA;-14.161500;-40.013100
2915205;Itagibá;BA;-14.278200;-39.844900
2915304;Itagimirim;BA;-16.081900;-39.613300
3202702;Itaguaçu;ES;-19.801800;-40.860100
2915353;Itaguaçu da Bahia;BA;-11.014700;-42.399700
3302007;Itaguaí;RJ;-22.863600;-43.779800
4110904;Itaguajé;PR;-22.618300;-51.967400
3132206;Itaguara;MG;-20.394700;-44.487500
5210562;Itaguari;GO;-15.918000;-49.607100
5210604;Itaguaru;GO;-15.756500;-49.635400
1710706;Itaguatins;TO;-5.772670;-47.486400
3521804;Itaí;SP;-23.421300;-49.092000
2607505;Itaíba;PE;-8.945690;-37.417300
2306207;Itaiçaba;CE;-4.671460;-37.833000
2205003;Itainópolis;PI;-7.443360;-41.468700
4208104;Itaiópolis;SC;-26.339000;-49.909200
2105351;Itaipava do Grajaú;MA;-5.142520;-45.787700
3132305;Itaipé;MG;-17.401400;-41.669700
4110953;Itaipulândia;PR;-25.136600;-54.300100
2306256;Itaitinga;CE;-3.965770;-38.529800
1503606;Itaituba;PA;-4.266700;-55.992600
2404853;Itajá;RN;-5.638940;-36.871200
5210802;Itajá;GO;-19.067300;-51.549500
4208203;Itajaí;SC;-26.910100;-48.670500
3521903;Itajobi;SP;-21.312300;-49.062900
3522000;Itaju;SP;-21.985700;-48.811600
2915403;Itaju do Colônia;BA;-15.136600;-39.728300
3132404;Itajubá;MG;-22.422500;-45.459800
2915502;Itajuípe;BA;-14.678800;-39.369800
3302056;Italva;RJ;-21.429600;-41.701400
2915601;Itamaraju;BA;-17.037800;-39.538600
3132503;Itamarandiba;MG;-17.855200;-42.856100
1301951;Itamarati;AM;-6.438520;-68.243700
3132602;Itamarati de Minas;MG;-21.417900;-42.813000
2915700;Itamari;BA;-13.778200;-39.683000
3132701;Itambacuri;MG;-18.035000;-41.683000
4111001;Itambaracá;PR;-23.018100;-50.409700
4111100;Itambé;PR;-23.660100;-51.991200
2607653;Itambé;PE;-7.414030;-35.096300
2915809;Itambé;BA;-15.242900;-40.630000
3132800;Itambé do Mato Dentro;MG;-19.415800;-43.318200
3132909;Itamogi;MG;-21.075800;-47.046000
3133006;Itamonte;MG;-22.285900;-44.868000
2915908;Itanagra;BA;-12.261400;-38.043600
3522109;Itanhaém;SP;-24.173600;-46.788000
3133105;Itanhandu;MG;-22.294200;-44.938200
5104542;Itanhangá;MT;-12.225900;-56.646300
2916005;Itanhém;BA;-17.164200;-40.332100
3133204;Itanhomi;MG;-19.173600;-41.863000
3133303;Itaobim;MG;-16.557100;-41.501700
3522158;Itaóca;SP;-24.639300;-48.841300
3302106;Itaocara;RJ;-21.674800;-42.075800
5210901;Itapaci;GO;-14.952200;-49.551100
3133402;Itapagipe;MG;-19.906200;-49.378100
2306306;Itapajé;CE;-3.683140;-39.585500
2916104;Itaparica;BA;-12.893200;-38.680000
2916203;Itapé;BA;-14.887600;-39.423900
2916302;Itapebi;BA;-15.955100;-39.532900
3133501;Itapecerica;MG;-20.470400;-45.127000
3522208;Itapecerica da Serra;SP;-23.716100;-46.857200
2105401;Itapecuru Mirim;MA;-3.402020;-44.350800
4111209;Itapejara d'Oeste;PR;-25.961900;-52.815200
4208302;Itapema;SC;-27.086100;-48.616000
3202801;Itapemirim;ES;-21.009500;-40.830700
4111258;Itaperuçu;PR;-25.219300;-49.345400
3302205;Itaperuna;RJ;-21.199700;-41.879900
2607703;Itapetim;PE;-7.371780;-37.186300
2916401;Itapetinga;BA;-15.247500;-40.248200
3522307;Itapetininga;SP;-23.588600;-48.048300
3522406;Itapeva;SP;-23.978800;-48.876400
3133600;Itapeva;MG;-22.766500;-46.224100
3522505;Itapevi;SP;-23.548800;-46.932700
2916500;Itapicuru;BA;-11.308800;-38.226200
2306405;Itapipoca;CE;-3.499330;-39.583600
3522604;Itapira;SP;-22.435700;-46.822400
1302009;Itapiranga;AM;-2.740810;-58.029300
4208401;Itapiranga;SC;-27.165900;-53.716600
5211008;Itapirapuã;GO;-15.820500;-50.609400
3522653;Itapirapuã Paulista;SP;-24.572000;-49.166100
1710904;Itapiratins;TO;-8.379820;-48.107200
2607752;Itapissuma;PE;-7.767980;-34.897100
2916609;Itapitanga;BA;-14.413900;-39.565700
2306504;Itapiúna;CE;-4.555160;-38.928100
4208450;Itapoá;SC;-26.115800;-48.618200
3522703;Itápolis;SP;-21.594200;-48.814900
5004502;Itaporã;MS;-22.080000;-54.793400
1711100;Itaporã do Tocantins;TO;-8.571720;-48.689500
3522802;Itaporanga;SP;-23.704300;-49.481900
2507002;Itaporanga;PB;-7.302020;-38.150400
2803203;Itaporanga d'Ajuda;SE;-10.990000;-37.307800
2507101;Itapororoca;PB;-6.823740;-35.240600
1101104;Itapuã do Oeste;RO;-9.196870;-63.180900
4310579;Itapuca;RS;-28.776800;-52.169300
3522901;Itapuí;SP;-22.232400;-48.719700
3523008;Itapura;SP;-20.641900;-51.506300
5211206;Itapuranga;GO;-15.560600;-49.949000
3523107;Itaquaquecetuba;SP;-23.483500;-46.345700
2916708;Itaquara;BA;-13.445900;-39.937800
4310603;Itaqui;RS;-29.131100;-56.551500
5004601;Itaquiraí;MS;-23.477900;-54.187000
2607802;Itaquitinga;PE;-7.663730;-35.100200
3202900;Itarana;ES;-19.875000;-40.875300
2916807;Itarantim;BA;-15.652800;-40.065000
3523206;Itararé;SP;-24.108500;-49.335200
2306553;Itarema;CE;-2.924800;-39.916700
3523305;Itariri;SP;-24.283400;-47.173600
5211305;Itarumã;GO;-18.764600;-51.348500
4310652;Itati;RS;-29.497400;-50.101600
3302254;Itatiaia;RJ;-22.489700;-44.567500
3133709;Itatiaiuçu;MG;-20.198300;-44.421100
3523404;Itatiba;SP;-23.003500;-46.846400
4310702;Itatiba do Sul;RS;-27.384600;-52.453800
2916856;Itatim;BA;-12.709900;-39.695200
3523503;Itatinga;SP;-23.104700;-48.615700
2306603;Itatira;CE;-4.526080;-39.620200
2507200;Itatuba;PB;-7.381150;-35.638000
2404903;Itaú;RN;-5.836300;-37.991200
3133758;Itaú de Minas;MG;-20.737500;-46.752500
5104559;Itaúba;MT;-11.061400;-55.276600
1600253;Itaubal;AP;0.602185;-50.699600
5211404;Itauçu;GO;-16.202900;-49.610900
2205102;Itaueira;PI;-7.599890;-43.024900
3133808;Itaúna;MG;-20.081800;-44.580100
4111308;Itaúna do Sul;PR;-22.728900;-52.887400
3133907;Itaverava;MG;-20.676900;-43.614100
3134004;Itinga;MG;-16.610000;-41.767200
2105427;Itinga do Maranhão;MA;-4.452930;-47.523500
5104609;Itiquira;MT;-17.214700;-54.142200
3523602;Itirapina;SP;-22.256200;-47.816600
3523701;Itirapuã;SP;-20.641600;-47.219400
2916906;Itiruçu;BA;-13.529000;-40.147200
2917003;Itiúba;BA;-10.694800;-39.844600
3523800;Itobi;SP;-21.730900;-46.974300
2917102;Itororó;BA;-15.110000;-40.068400
3523909;Itu;SP;-23.254400;-47.292700
2917201;Ituaçu;BA;-13.810700;-41.300300
2917300;Ituberá;BA;-13.724900;-39.148100
3134103;Itueta;MG;-19.399900;-41.174600
3134202;Ituiutaba;MG;-18.977200;-49.463900
5211503;Itumbiara;GO;-18.409300;-49.215800
3134301;Itumirim;MG;-21.317100;-44.872400
3524006;Itupeva;SP;-23.152600;-47.059300
1503705;Itupiranga;PA;-5.132720;-49.335800
4208500;Ituporanga;SC;-27.410100;-49.596300
3134400;Iturama;MG;-19.727600;-50.196600
3134509;Itutinga;MG;-21.300000;-44.656700
3524105;Ituverava;SP;-20.335500;-47.790200
2917334;Iuiú;BA;-14.405400;-43.559500
3203007;Iúna;ES;-20.353100;-41.533400
4111407;Ivaí;PR;-25.006700;-50.857000
4111506;Ivaiporã;PR;-24.248500;-51.675400
4111555;Ivaté;PR;-23.407200;-53.368700
4111605;Ivatuba;PR;-23.618700;-52.220300
5004700;Ivinhema;MS;-22.304600;-53.818400
5211602;Ivolândia;GO;-16.599500;-50.792100
4310751;Ivorá;RS;-29.523200;-53.584200
4310801;Ivoti;RS;-29.599500;-51.153300
2607901;Jaboatão dos Guararapes;PE;-8.112980;-35.015000
4208609;Jaborá;SC;-27.178200;-51.727900
2917359;Jaborandi;BA;-13.607100;-44.425500
3524204;Jaborandi;SP;-20.688400;-48.411200
4111704;Jaboti;PR;-23.743500;-50.072900
4310850;Jaboticaba;RS;-27.634700;-53.276200
3524303;Jaboticabal;SP;-21.252000;-48.325200
3134608;Jaboticatubas;MG;-19.511900;-43.737300
2405009;Jaçanã;RN;-6.418560;-36.203100
2917409;Jacaraci;BA;-14.854100;-42.432900
2507309;Jacaraú;PB;-6.614530;-35.289000
2703403;Jacaré dos Homens;AL;-9.635450;-37.207600
1503754;Jacareacanga;PA;-6.214690;-57.754400
3524402;Jacareí;SP;-23.298300;-45.965800
4111803;Jacarezinho;PR;-23.159100;-49.973900
3524501;Jaci;SP;-20.880500;-49.579700
5104807;Jaciara;MT;-15.954800;-54.973300
3134707;Jacinto;MG;-16.142800;-40.295000
4208708;Jacinto Machado;SC;-28.996100;-49.762300
2917508;Jacobina;BA;-11.181200;-40.511700
2205151;Jacobina do Piauí;PI;-7.930630;-41.207500
3134806;Jacuí;MG;-21.013700;-46.735900
2703502;Jacuípe;AL;-8.839510;-35.459100
4310876;Jacuizinho;RS;-29.040100;-53.065700
1503804;Jacundá;PA;-4.446170;-49.115300
3524600;Jacupiranga;SP;-24.696300;-48.006400
4310900;Jacutinga;RS;-27.729100;-52.537200
3134905;Jacutinga;MG;-22.286000;-46.616600
4111902;Jaguapitã;PR;-23.110400;-51.534200
2917607;Jaguaquara;BA;-13.524800;-39.964000
3135001;Jaguaraçu;MG;-19.647000;-42.749800
4311007;Jaguarão;RS;-32.560400;-53.377000
2917706;Jaguarari;BA;-10.256900;-40.199900
3203056;Jaguaré;ES;-18.907000;-40.075900
2306702;Jaguaretama;CE;-5.605100;-38.763900
4311106;Jaguari;RS;-29.493600;-54.703000
4112009;Jaguariaíva;PR;-24.243900;-49.706600
2306801;Jaguaribara;CE;-5.677650;-38.535900
2306900;Jaguaribe;CE;-5.902130;-38.622700
2917805;Jaguaripe;BA;-13.110900;-38.893900
3524709;Jaguariúna;SP;-22.703700;-46.985100
2307007;Jaguaruana;CE;-4.831510;-37.781000
4208807;Jaguaruna;SC;-28.614600;-49.029600
3135050;Jaíba;MG;-15.343200;-43.668800
2205201;Jaicós;PI;-7.362290;-41.137100
3524808;Jales;SP;-20.267200;-50.549400
3524907;Jambeiro;SP;-23.252200;-45.694200
3135076;Jampruca;MG;-18.461000;-41.809000
3135100;Janaúba;MG;-15.802200;-43.313200
5211701;Jandaia;GO;-17.048100;-50.145300
4112108;Jandaia do Sul;PR;-23.601100;-51.644800
2405108;Jandaíra;RN;-5.352110;-36.127800
2917904;Jandaíra;BA;-11.561600;-37.785300
3525003;Jandira;SP;-23.527500;-46.902300
2405207;Janduís;RN;-6.014740;-37.404800
5104906;Jangada;MT;-15.235000;-56.491700
4112207;Janiópolis;PR;-24.140100;-52.778400
3135209;Januária;MG;-15.480200;-44.363900
2405306;Januário Cicco (Boa Saúde);RN;-6.165660;-35.621900
3135308;Japaraíba;MG;-20.144200;-45.501500
2703601;Japaratinga;AL;-9.087460;-35.263400
2803302;Japaratuba;SE;-10.584900;-36.941800
3302270;Japeri;RJ;-22.643500;-43.660200
2405405;Japi;RN;-6.465440;-35.934600
4112306;Japira;PR;-23.814200;-50.142200
2803401;Japoatã;SE;-10.347700;-36.804500
3135357;Japonvar;MG;-15.989100;-44.275800
5004809;Japorã;MS;-23.890300;-54.405900
4112405;Japurá;PR;-23.469300;-52.555700
1302108;Japurá;AM;-1.882370;-66.929100
2607950;Jaqueira;PE;-8.726180;-35.794200
4311122;Jaquirana;RS;-28.881100;-50.363700
5211800;Jaraguá;GO;-15.752900;-49.334400
4208906;Jaraguá do Sul;SC;-26.485100;-49.071300
5004908;Jaraguari;MS;-20.138600;-54.399600
2703700;Jaramataia;AL;-9.662240;-37.004600
2307106;Jardim;CE;-7.575990;-39.282600
5005004;Jardim;MS;-21.479900;-56.148900
4112504;Jardim Alegre;PR;-24.180900;-51.690200
2405504;Jardim de Angicos;RN;-5.649990;-35.971300
2405603;Jardim de Piranhas;RN;-6.376650;-37.349600
2205250;Jardim do Mulato;PI;-6.099000;-42.630000
2405702;Jardim do Seridó;RN;-6.580470;-36.773600
4112603;Jardim Olinda;PR;-22.552300;-52.050300
3525102;Jardinópolis;SP;-21.017600;-47.760600
4208955;Jardinópolis;SC;-26.719100;-52.862500
4311130;Jari;RS;-29.292200;-54.223700
3525201;Jarinu;SP;-23.103900;-46.728000
1100114;Jaru;RO;-10.431800;-62.478800
5211909;Jataí;GO;-17.878400;-51.720400
4112702;Jataizinho;PR;-23.257800;-50.977700
2608008;Jataúba;PE;-7.976680;-36.494300
5005103;Jateí;MS;-22.480600;-54.307900
2307205;Jati;CE;-7.679700;-39.002900
2105450;Jatobá;MA;-5.822820;-44.215300
2608057;Jatobá;PE;-9.174760;-38.260700
2205276;Jatobá do Piauí;PI;-4.770250;-41.817000
3525300;Jaú;SP;-22.293600;-48.559200
1711506;Jaú do Tocantins;TO;-12.650900;-48.589000
5212006;Jaupaci;GO;-16.177300;-50.950800
5105002;Jauru;MT;-15.334200;-58.872300
3135407;Jeceaba;MG;-20.533900;-43.989400
3135456;Jenipapo de Minas;MG;-17.083100;-42.258900
2105476;Jenipapo dos Vieiras;MA;-5.362370;-45.635600
3135506;Jequeri;MG;-20.454200;-42.665100
2703759;Jequiá da Praia;AL;-10.013300;-36.014200
2918001;Jequié;BA;-13.850900;-40.087700
3135605;Jequitaí;MG;-17.229000;-44.437600
3135704;Jequitibá;MG;-19.234500;-44.030400
3135803;Jequitinhonha;MG;-16.437500;-41.011700
2918100;Jeremoabo;BA;-10.068500;-38.347100
2507408;Jericó;PB;-6.545770;-37.803600
3525409;Jeriquara;SP;-20.311600;-47.591800
3203106;Jerônimo Monteiro;ES;-20.799400;-41.394800
2205300;Jerumenha;PI;-7.091280;-43.503300
3135902;Jesuânia;MG;-21.988700;-45.291100
4112751;Jesuítas;PR;-24.383900;-53.384900
5212055;Jesúpolis;GO;-15.948400;-49.373900
1100122;Ji-Paraná;RO;-10.877700;-61.932200
2307254;Jijoca de Jericoacoara;CE;-2.793310;-40.512700
2918209;Jiquiriçá;BA;-13.262100;-39.573700
2918308;Jitaúna;BA;-14.013100;-39.896900
4209003;Joaçaba;SC;-27.172100;-51.510800
3136009;Joaíma;MG;-16.652200;-41.022900
3136108;Joanésia;MG;-19.172900;-42.677500
3525508;Joanópolis;SP;-22.927000;-46.274100
2608107;João Alfredo;PE;-7.865650;-35.578700
2405801;João Câmara;RN;-5.540940;-35.812200
2205359;João Costa;PI;-8.507360;-42.426400
2405900;João Dias;RN;-6.272150;-37.788500
2918357;João Dourado;BA;-11.348600;-41.654800
2105500;João Lisboa;MA;-5.443630;-47.406400
3136207;João Monlevade;MG;-19.812600;-43.173500
3203130;João Neiva;ES;-19.757700;-40.386000
2507507;João Pessoa;PB;-7.115090;-34.864100
3136306;João Pinheiro;MG;-17.739800;-46.171500
3525607;João Ramalho;SP;-22.247300;-50.769400
3136405;Joaquim Felício;MG;-17.758000;-44.164300
2703809;Joaquim Gomes;AL;-9.132800;-35.747400
2608206;Joaquim Nabuco;PE;-8.622810;-35.528800
2205409;Joaquim Pires;PI;-3.501640;-42.186500
4112801;Joaquim Távora;PR;-23.498700;-49.909000
2513653;Joca Claudino;PB;-6.483620;-38.476400
2205458;Joca Marques;PI;-3.480400;-42.425500
4311155;Jóia;RS;-28.643500;-54.114100
4209102;Joinville;SC;-26.304500;-48.848700
3136504;Jordânia;MG;-15.900900;-40.184100
1200328;Jordão;AC;-9.190800;-71.950300
4209151;José Boiteux;SC;-26.956600;-49.628600
3525706;José Bonifácio;SP;-21.055100;-49.689200
2406007;José da Penha;RN;-6.310950;-38.282300
2205508;José de Freitas;PI;-4.751460;-42.574600
3136520;José Gonçalves de Minas;MG;-16.905300;-42.601400
3136553;José Raydan;MG;-18.219500;-42.494600
2105609;Joselândia;MA;-4.986110;-44.695800
3136579;Josenópolis;MG;-16.541700;-42.515100
5212105;Joviânia;GO;-17.802000;-49.619700
5105101;Juara;MT;-11.263900;-57.524400
2507606;Juarez Távora;PB;-7.171300;-35.568600
1711803;Juarina;TO;-8.119510;-49.064300
3136652;Juatuba;MG;-19.944800;-44.345100
2507705;Juazeirinho;PB;-7.060920;-36.579300
2918407;Juazeiro;BA;-9.416220;-40.503300
2307304;Juazeiro do Norte;CE;-7.196210;-39.307600
2205516;Juazeiro do Piauí;PI;-5.174590;-41.697600
2307403;Jucás;CE;-6.515230;-39.518700
2608255;Jucati;PE;-8.701950;-36.487100
2918456;Jucuruçu;BA;-16.848800;-40.164100
2406106;Jucurutu;RN;-6.030600;-37.009000
5105150;Juína;MT;-11.372800;-58.748300
3136702;Juiz de Fora;MG;-21.759500;-43.339800
2205524;Júlio Borges;PI;-10.322500;-44.238100
4311205;Júlio de Castilhos;RS;-29.229900;-53.677200
3525805;Júlio Mesquita;SP;-22.011200;-49.787300
3525854;Jumirim;SP;-23.088400;-47.786800
2105658;Junco do Maranhão;MA;-1.838880;-46.090000
2507804;Junco do Seridó;PB;-6.992690;-36.716600
2406155;Jundiá;RN;-6.268660;-35.349500
2703908;Jundiá;AL;-8.932970;-35.566900
3525904;Jundiaí;SP;-23.185200;-46.897400
4112900;Jundiaí do Sul;PR;-23.435700;-50.249600
2704005;Junqueiro;AL;-9.906960;-36.480300
3526001;Junqueirópolis;SP;-21.510300;-51.434200
2608305;Jupi;PE;-8.709040;-36.412600
4209177;Jupiá;SC;-26.395000;-52.729800
3526100;Juquiá;SP;-24.310100;-47.642600
3526209;Juquitiba;SP;-23.924400;-47.065300
3136801;Juramento;MG;-16.847300;-43.586500
4112959;Juranda;PR;-24.420900;-52.841300
2608404;Jurema;PE;-8.707140;-36.134700
2205532;Jurema;PI;-9.219920;-43.133700
2507903;Juripiranga;PB;-7.361760;-35.232100
2508000;Juru;PB;-7.529830;-37.815000
1302207;Juruá;AM;-3.484380;-66.071800
3136900;Juruaia;MG;-21.249300;-46.573500
5105176;Juruena;MT;-10.317800;-58.359200
1503903;Juruti;PA;-2.163470;-56.088900
5105200;Juscimeira;MT;-16.063300;-54.885900
2918506;Jussara;BA;-11.043100;-41.970200
5212204;Jussara;GO;-15.865900;-50.866800
4113007;Jussara;PR;-23.621900;-52.469300
2918555;Jussari;BA;-15.192000;-39.491000
2918605;Jussiape;BA;-13.515500;-41.588200
1302306;Jutaí;AM;-2.758140;-66.759500
5005152;Juti;MS;-22.859600;-54.606100
3136959;Juvenília;MG;-14.266200;-44.159700
4113106;Kaloré;PR;-23.818800;-51.668700
1302405;Lábrea;AM;-7.264130;-64.794800
4209201;Lacerdópolis;SC;-27.257900;-51.557700
3137007;Ladainha;MG;-17.627900;-41.748800
5005202;Ladário;MS;-19.008900;-57.597300
2918704;Lafaiete Coutinho;BA;-13.654100;-40.211900
3137106;Lagamar;MG;-18.175900;-46.806300
2803500;Lagarto;SE;-10.913600;-37.668900
4209300;Lages;SC;-27.815000;-50.325900
2105708;Lago da Pedra;MA;-4.569740;-45.131900
2105807;Lago do Junco;MA;-4.609000;-45.049000
2105948;Lago dos Rodrigues;MA;-4.611730;-44.979800
2105906;Lago Verde;MA;-3.946610;-44.826000
2508109;Lagoa;PB;-6.585720;-37.912700
2205557;Lagoa Alegre;PI;-4.515390;-42.630900
4311239;Lagoa Bonita do Sul;RS;-29.493900;-53.017000
2406205;Lagoa d'Anta;RN;-6.394930;-35.594900
2704104;Lagoa da Canoa;AL;-9.832910;-36.741300
1711902;Lagoa da Confusão;TO;-10.790600;-49.619900
3137205;Lagoa da Prata;MG;-20.023700;-45.540100
2508208;Lagoa de Dentro;PB;-6.672130;-35.370600
2608503;Lagoa de Itaenga;PE;-7.930050;-35.287400
2406304;Lagoa de Pedras;RN;-6.150820;-35.429900
2205573;Lagoa de São Francisco;PI;-4.385050;-41.596900
2406403;Lagoa de Velhos;RN;-6.011900;-35.872900
2205565;Lagoa do Barro do Piauí;PI;-8.476730;-41.534200
2608453;Lagoa do Carro;PE;-7.843830;-35.310800
2105922;Lagoa do Mato;MA;-6.050230;-43.533300
2608602;Lagoa do Ouro;PE;-9.125670;-36.458400
2205581;Lagoa do Piauí;PI;-5.418640;-42.643700
2205599;Lagoa do Sítio;PI;-6.507660;-41.565300
1711951;Lagoa do Tocantins;TO;-10.368000;-47.538000
2608701;Lagoa dos Gatos;PE;-8.660200;-35.904000
3137304;Lagoa dos Patos;MG;-16.978000;-44.575400
4311270;Lagoa dos Três Cantos;RS;-28.567600;-52.861800
3137403;Lagoa Dourada;MG;-20.913900;-44.079700
3137502;Lagoa Formosa;MG;-18.771500;-46.401200
3137536;Lagoa Grande;MG;-17.832300;-46.516500
2608750;Lagoa Grande;PE;-8.994520;-40.276700
2105963;Lagoa Grande do Maranhão;MA;-4.988930;-45.381600
2406502;Lagoa Nova;RN;-6.093390;-36.470300
2918753;Lagoa Real;BA;-14.033400;-42.132800
2406601;Lagoa Salgada;RN;-6.122950;-35.472400
5212253;Lagoa Santa;GO;-19.183200;-51.399800
3137601;Lagoa Santa;MG;-19.639700;-43.893200
2508307;Lagoa Seca;PB;-7.155350;-35.849100
4311304;Lagoa Vermelha;RS;-28.209300;-51.524800
4311254;Lagoão;RS;-29.234800;-52.799700
3526308;Lagoinha;SP;-23.084600;-45.194400
2205540;Lagoinha do Piauí;PI;-5.830740;-42.622300
4209409;Laguna;SC;-28.484300;-48.777200
5005251;Laguna Carapã;MS;-22.544800;-55.150200
2918803;Laje;BA;-13.167300;-39.421300
3302304;Laje do Muriaé;RJ;-21.209100;-42.127100
1712009;Lajeado;TO;-9.749960;-48.356500
4311403;Lajeado;RS;-29.459100;-51.964400
4311429;Lajeado do Bugre;RS;-27.691300;-53.181800
4209458;Lajeado Grande;SC;-26.857600;-52.564800
2105989;Lajeado Novo;MA;-6.185390;-47.029300
2918902;Lajedão;BA;-17.605600;-40.338300
2919009;Lajedinho;BA;-12.352900;-40.904800
2608800;Lajedo;PE;-8.657910;-36.329300
2919058;Lajedo do Tabocal;BA;-13.466300;-40.220400
2406700;Lajes;RN;-5.693220;-36.247000
2406809;Lajes Pintadas;RN;-6.149430;-36.117100
3137700;Lajinha;MG;-20.153900;-41.622800
2919108;Lamarão;BA;-11.773000;-38.887000
3137809;Lambari;MG;-21.967100;-45.349800
5105234;Lambari D'Oeste;MT;-15.318800;-58.004600
3137908;Lamim;MG;-20.790000;-43.470600
2205607;Landri Sales;PI;-7.259220;-43.936400
4113205;Lapa;PR;-25.767100;-49.716800
2919157;Lapão;BA;-11.385100;-41.828600
3203163;Laranja da Terra;ES;-19.899400;-41.062100
3138005;Laranjal;MG;-21.371500;-42.473200
4113254;Laranjal;PR;-24.886200;-52.470000
1600279;Laranjal do Jari;AP;-0.804911;-52.453000
3526407;Laranjal Paulista;SP;-23.050600;-47.837500
2803609;Laranjeiras;SE;-10.798100;-37.173100
4113304;Laranjeiras do Sul;PR;-25.407700;-52.410900
3138104;Lassance;MG;-17.887000;-44.573500
2508406;Lastro;PB;-6.506030;-38.174200
4209508;Laurentino;SC;-27.217300;-49.733100
2919207;Lauro de Freitas;BA;-12.897800;-38.321000
4209607;Lauro Muller;SC;-28.385900;-49.403500
1712157;Lavandeira;TO;-12.784700;-46.509900
3526506;Lavínia;SP;-21.163900;-51.041200
3138203;Lavras;MG;-21.248000;-45.000900
2307502;Lavras da Mangabeira;CE;-6.744800;-38.970600
4311502;Lavras do Sul;RS;-30.807100;-53.893100
3526605;Lavrinhas;SP;-22.570000;-44.902400
3138302;Leandro Ferreira;MG;-19.719300;-45.027900
4209706;Lebon Régis;SC;-26.928000;-50.692100
3526704;Leme;SP;-22.180900;-47.384100
3138351;Leme do Prado;MG;-17.079300;-42.693600
2919306;Lençóis;BA;-12.561600;-41.392800
3526803;Lençóis Paulista;SP;-22.602700;-48.803700
4209805;Leoberto Leal;SC;-27.508100;-49.278900
3138401;Leopoldina;MG;-21.529600;-42.642100
5212303;Leopoldo de Bulhões;GO;-16.619000;-48.742800
4113403;Leópolis;PR;-23.081800;-50.751100
4311601;Liberato Salzano;RS;-27.601000;-53.075300
3138500;Liberdade;MG;-22.027500;-44.320800
2919405;Licínio de Almeida;BA;-14.684200;-42.509500
4113429;Lidianópolis;PR;-24.110000;-51.650600
2106003;Lima Campos;MA;-4.518370;-44.464600
3138609;Lima Duarte;MG;-21.838600;-43.793400
3526902;Limeira;SP;-22.566000;-47.397000
3138625;Limeira do Oeste;MG;-19.551200;-50.581500
2608909;Limoeiro;PE;-7.872600;-35.440200
2704203;Limoeiro de Anadia;AL;-9.740980;-36.512100
1504000;Limoeiro do Ajuru;PA;-1.898500;-49.390300
2307601;Limoeiro do Norte;CE;-5.143920;-38.084700
4113452;Lindoeste;PR;-25.259600;-53.573300
3527009;Lindóia;SP;-22.522600;-46.650000
4209854;Lindóia do Sul;SC;-27.054500;-52.069000
4311627;Lindolfo Collor;RS;-29.585900;-51.214100
4311643;Linha Nova;RS;-29.467900;-51.200300
3203205;Linhares;ES;-19.394600;-40.064300
3527108;Lins;SP;-21.671800;-49.752600
2508505;Livramento;PB;-7.371130;-36.949100
2919504;Livramento de Nossa Senhora;BA;-13.636900;-41.843200
1712405;Lizarda;TO;-9.590020;-46.673800
4113502;Loanda;PR;-22.923200;-53.136200
4113601;Lobato;PR;-23.005800;-51.952400
2508554;Logradouro;PB;-6.611910;-35.438400
4113700;Londrina;PR;-23.304000;-51.169100
3138658;Lontra;MG;-15.901300;-44.306000
4209904;Lontras;SC;-27.168400;-49.535000
3527207;Lorena;SP;-22.733400;-45.119700
2106102;Loreto;MA;-7.081110;-45.145100
3527256;Lourdes;SP;-20.966000;-50.226300
3527306;Louveira;SP;-23.085600;-46.948400
5105259;Lucas do Rio Verde;MT;-13.058800;-55.904200
3527405;Lucélia;SP;-21.718200;-51.021500
2508604;Lucena;PB;-6.902580;-34.874800
3527504;Lucianópolis;SP;-22.429400;-49.522000
5105309;Luciara;MT;-11.221900;-50.667600
2406908;Lucrécia;RN;-6.105250;-37.813400
3527603;Luís Antônio;SP;-21.550000;-47.780100
2205706;Luís Correia;PI;-2.884380;-41.664100
2106201;Luís Domingues;MA;-1.274920;-45.867000
2919553;Luís Eduardo Magalhães;BA;-12.095600;-45.786600
2407005;Luís Gomes;RN;-6.405880;-38.389900
3138674;Luisburgo;MG;-20.446800;-42.097600
3138682;Luislândia;MG;-16.109500;-44.588600
4210001;Luiz Alves;SC;-26.715100;-48.932200
4113734;Luiziana;PR;-24.285300;-52.269000
3527702;Luiziânia;SP;-21.673700;-50.329400
3138708;Luminárias;MG;-21.514500;-44.903400
4113759;Lunardelli;PR;-24.082100;-51.736800
3527801;Lupércio;SP;-22.414600;-49.818000
4113809;Lupionópolis;PR;-22.755000;-51.660100
3527900;Lutécia;SP;-22.338400;-50.394000
3138807;Luz;MG;-19.791100;-45.679400
4210035;Luzerna;SC;-27.130400;-51.468200
5212501;Luziânia;GO;-16.253000;-47.950000
2205805;Luzilândia;PI;-3.468300;-42.371800
1712454;Luzinópolis;TO;-6.177940;-47.858200
3302403;Macaé;RJ;-22.376800;-41.784800
2407104;Macaíba;RN;-5.852290;-35.355200
2919603;Macajuba;BA;-12.132600;-40.357100
4311718;Maçambará;RS;-29.144500;-56.067400
2803708;Macambira;SE;-10.661900;-37.541300
1600303;Macapá;AP;0.034934;-51.069400
2609006;Macaparana;PE;-7.555640;-35.442500
2919702;Macarani;BA;-15.564600;-40.420900
3528007;Macatuba;SP;-22.500200;-48.710200
2407203;Macau;RN;-5.107950;-36.631800
3528106;Macaubal;SP;-20.802200;-49.968700
2919801;Macaúbas;BA;-13.018600;-42.694500
3528205;Macedônia;SP;-20.144400;-50.197300
2704302;Maceió;AL;-9.665990;-35.735000
3138906;Machacalis;MG;-17.072300;-40.724500
4311700;Machadinho;RS;-27.566700;-51.666800
1100130;Machadinho D'Oeste;RO;-9.443630;-61.981800
3139003;Machado;MG;-21.677800;-45.921900
2609105;Machados;PE;-7.688270;-35.511400
4210050;Macieira;SC;-26.855200;-51.370500
3302452;Macuco;RJ;-21.981300;-42.253300
2919900;Macururé;BA;-9.162260;-39.051800
2307635;Madalena;CE;-4.846010;-39.572500
2205854;Madeiro;PI;-3.486240;-42.498100
2919926;Madre de Deus;BA;-12.744600;-38.615300
3139102;Madre de Deus de Minas;MG;-21.483000;-44.328700
2508703;Mãe d'Água;PB;-7.252010;-37.432200
1504059;Mãe do Rio;PA;-2.056830;-47.560100
2919959;Maetinga;BA;-14.662300;-41.491500
4210100;Mafra;SC;-26.115900;-49.808600
1504109;Magalhães Barata;PA;-0.803391;-47.601400
2106300;Magalhães de Almeida;MA;-3.392320;-42.211700
3528304;Magda;SP;-20.644500;-50.230500
3302502;Magé;RJ;-22.663200;-43.031500
2920007;Maiquinique;BA;-15.624000;-40.258700
2920106;Mairi;BA;-11.710700;-40.143700
3528403;Mairinque;SP;-23.539800;-47.185000
3528502;Mairiporã;SP;-23.317100;-46.589700
5212600;Mairipotaba;GO;-17.297500;-49.489800
4210209;Major Gercino;SC;-27.419200;-48.948800
2704401;Major Isidoro;AL;-9.530090;-36.992000
2407252;Major Sales;RN;-6.399490;-38.324000
4210308;Major Vieira;SC;-26.370900;-50.326600
3139201;Malacacheta;MG;-17.845600;-42.076900
2920205;Malhada;BA;-14.337100;-43.768600
2920304;Malhada de Pedras;BA;-14.384700;-41.884200
2803807;Malhada dos Bois;SE;-10.341800;-36.925200
2803906;Malhador;SE;-10.664900;-37.300400
4113908;Mallet;PR;-25.880600;-50.817300
2508802;Malta;PB;-6.897190;-37.522100
2508901;Mamanguape;PB;-6.833700;-35.121300
5212709;Mambaí;GO;-14.482300;-46.116500
4114005;Mamborê;PR;-24.317000;-52.527100
3139250;Mamonas;MG;-15.047900;-42.946900
4311734;Mampituba;RS;-29.213600;-49.931100
1302504;Manacapuru;AM;-3.290660;-60.621600
2509008;Manaíra;PB;-7.703310;-38.152300
1302553;Manaquiri;AM;-3.440780;-60.461200
2609154;Manari;PE;-8.964900;-37.631300
1302603;Manaus;AM;-3.118660;-60.021200
1200336;Mâncio Lima;AC;-7.616570;-72.899700
4114104;Mandaguaçu;PR;-23.345800;-52.094400
4114203;Mandaguari;PR;-23.544600;-51.671000
4114302;Mandirituba;PR;-25.777000;-49.328200
3528601;Manduri;SP;-23.005600;-49.320200
4114351;Manfrinópolis;PR;-26.144100;-53.311300
3139300;Manga;MG;-14.752900;-43.939100
3302601;Mangaratiba;RJ;-22.959400;-44.040900
4114401;Mangueirinha;PR;-25.942100;-52.174300
3139409;Manhuaçu;MG;-20.257200;-42.028000
3139508;Manhumirim;MG;-20.359100;-41.958900
1302702;Manicoré;AM;-5.804620;-61.289500
2205904;Manoel Emídio;PI;-8.012340;-43.875500
4114500;Manoel Ribas;PR;-24.514400;-51.665800
1200344;Manoel Urbano;AC;-8.832910;-69.267900
4311759;Manoel Viana;RS;-29.585900;-55.484100
2920403;Manoel Vitorino;BA;-14.147600;-40.239900
2920452;Mansidão;BA;-10.722700;-44.042800
3139607;Mantena;MG;-18.776100;-40.987400
3203304;Mantenópolis;ES;-18.859400;-41.124000
4311775;Maquiné;RS;-29.679800;-50.207900
3139805;Mar de Espanha;MG;-21.870700;-43.006200
2704906;Mar Vermelho;AL;-9.447390;-36.388100
5212808;Mara Rosa;GO;-14.014800;-49.177700
1302801;Maraã;AM;-1.853130;-65.573000
1504208;Marabá;PA;-5.380750;-49.132700
3528700;Marabá Paulista;SP;-22.106800;-51.961700
2106326;Maracaçumé;MA;-2.049180;-45.958700
3528809;Maracaí;SP;-22.614900;-50.671300
4210407;Maracajá;SC;-28.846300;-49.460500
5005400;Maracaju;MS;-21.610500;-55.167800
1504307;Maracanã;PA;-0.778899;-47.452000
2307650;Maracanaú;CE;-3.866990;-38.625900
2920502;Maracás;BA;-13.435500;-40.432300
2704500;Maragogi;AL;-9.007440;-35.226700
2920601;Maragogipe;BA;-12.776000;-38.917500
2609204;Maraial;PE;-8.790620;-35.826600
2106359;Marajá do Sena;MA;-4.628060;-45.453100
2307700;Maranguape;CE;-3.891430;-38.682900
2106375;Maranhãozinho;MA;-2.240780;-45.850700
1504406;Marapanim;PA;-0.714702;-47.703400
3528858;Marapoama;SP;-21.258700;-49.130000
4311791;Maratá;RS;-29.545700;-51.557300
3203320;Marataízes;ES;-21.039800;-40.838400
4311809;Marau;RS;-28.449800;-52.198600
2920700;Maraú;BA;-14.103500;-39.013700
2704609;Maravilha;AL;-9.230450;-37.352400
4210506;Maravilha;SC;-26.766500;-53.173700
3139706;Maravilhas;MG;-19.507600;-44.677900
2509057;Marcação;PB;-6.765350;-35.008700
5105580;Marcelândia;MT;-11.046300;-54.437700
4311908;Marcelino Ramos;RS;-27.467600;-51.909500
2407302;Marcelino Vieira;RN;-6.284600;-38.164200
2920809;Marcionílio Souza;BA;-13.006400;-40.529500
2307809;Marco;CE;-3.128500;-40.158200
2205953;Marcolândia;PI;-7.441690;-40.660200
2206001;Marcos Parente;PI;-7.115650;-43.892600
4114609;Marechal Cândido Rondon;PR;-24.557000;-54.057100
2704708;Marechal Deodoro;AL;-9.709710;-35.896700
3203346;Marechal Floriano;ES;-20.415900;-40.670000
1200351;Marechal Thaumaturgo;AC;-8.938980;-72.799700
4210555;Marema;SC;-26.802400;-52.626400
2509107;Mari;PB;-7.059420;-35.318000
3139904;Maria da Fé;MG;-22.304400;-45.377300
4114708;Maria Helena;PR;-23.615800;-53.205300
4114807;Marialva;PR;-23.484300;-51.792800
3140001;Mariana;MG;-20.376500;-43.414000
4311981;Mariana Pimentel;RS;-30.353000;-51.580300
4312005;Mariano Moro;RS;-27.356800;-52.146700
1712504;Marianópolis do Tocantins;TO;-9.793770;-49.655300
3528908;Mariápolis;SP;-21.795900;-51.182400
2704807;Maribondo;AL;-9.583530;-36.304500
3302700;Maricá;RJ;-22.935400;-42.824600
3140100;Marilac;MG;-18.507900;-42.082200
3203353;Marilândia;ES;-19.411400;-40.545600
4114906;Marilândia do Sul;PR;-23.742500;-51.313700
4115002;Marilena;PR;-22.733600;-53.040200
3529005;Marília;SP;-22.217100;-49.950100
4115101;Mariluz;PR;-24.008900;-53.143200
4115200;Maringá;PR;-23.420500;-51.933300
3529104;Marinópolis;SP;-20.438900;-50.825400
3140159;Mário Campos;MG;-20.058200;-44.188300
4115309;Mariópolis;PR;-26.355000;-52.553200
4115358;Maripá;PR;-24.420000;-53.828600
3140209;Maripá de Minas;MG;-21.697900;-42.954600
1504422;Marituba;PA;-1.360020;-48.342100
2509156;Marizópolis;PB;-6.827480;-38.352800
3140308;Marliéria;MG;-19.709600;-42.732700
4115408;Marmeleiro;PR;-26.147200;-53.026700
3140407;Marmelópolis;MG;-22.447000;-45.164500
4312054;Marques de Souza;RS;-29.331100;-52.097300
4115457;Marquinho;PR;-25.112000;-52.249700
3140506;Martinho Campos;MG;-19.330600;-45.243400
2307908;Martinópole;CE;-3.225200;-40.689600
3529203;Martinópolis;SP;-22.146200;-51.170900
2407401;Martins;RN;-6.082790;-37.908000
3140530;Martins Soares;MG;-20.254600;-41.878600
2804003;Maruim;SE;-10.730800;-37.085600
4115507;Marumbi;PR;-23.705800;-51.640400
5212907;Marzagão;GO;-17.983000;-48.641500
2920908;Mascote;BA;-15.554200;-39.301600
2308005;Massapê;CE;-3.523640;-40.342300
2206050;Massapê do Piauí;PI;-7.474690;-41.110300
2509206;Massaranduba;PB;-7.189950;-35.784800
4210605;Massaranduba;SC;-26.610900;-49.005400
4312104;Mata;RS;-29.564900;-54.464100
2921005;Mata de São João;BA;-12.530700;-38.300900
2705002;Mata Grande;AL;-9.118240;-37.732300
2106409;Mata Roma;MA;-3.620350;-43.111200
3140555;Mata Verde;MG;-15.686900;-40.736600
3529302;Matão;SP;-21.602500;-48.364000
2509305;Mataraca;PB;-6.596730;-35.053100
1712702;Mateiros;TO;-10.546400;-46.416800
4115606;Matelândia;PR;-25.249600;-53.993500
3140605;Materlândia;MG;-18.469900;-43.057900
3140704;Mateus Leme;MG;-19.979400;-44.431800
3171501;Mathias Lobato;MG;-18.590000;-41.916600
3140803;Matias Barbosa;MG;-21.869000;-43.313500
3140852;Matias Cardoso;MG;-14.856300;-43.914600
2206100;Matias Olímpio;PI;-3.714920;-42.550700
2921054;Matina;BA;-13.910900;-42.843900
2106508;Matinha;MA;-3.098490;-45.035000
2509339;Matinhas;PB;-7.124860;-35.766900
4115705;Matinhos;PR;-25.823700;-48.549000
3140902;Matipó;MG;-20.287300;-42.340100
4312138;Mato Castelhano;RS;-28.280000;-52.193200
2509370;Mato Grosso;PB;-6.540180;-37.727900
4312153;Mato Leitão;RS;-29.528500;-52.127800
4312179;Mato Queimado;RS;-28.252000;-54.615900
4115739;Mato Rico;PR;-24.699500;-52.145400
3141009;Mato Verde;MG;-15.394400;-42.860000
2106607;Matões;MA;-5.513590;-43.201800
2106631;Matões do Norte;MA;-3.624400;-44.546800
4210704;Matos Costa;SC;-26.470900;-51.150100
3141108;Matozinhos;MG;-19.554300;-44.086800
5212956;Matrinchã;GO;-15.434200;-50.745600
2705101;Matriz de Camaragibe;AL;-9.154370;-35.524300
5105606;Matupá;MT;-10.182100;-54.946700
2509396;Maturéia;PB;-7.261880;-37.351000
3141207;Matutina;MG;-19.217900;-45.966400
3529401;Mauá;SP;-23.667700;-46.461300
4115754;Mauá da Serra;PR;-23.898800;-51.227700
1302900;Maués;AM;-3.392890;-57.706700
5213004;Maurilândia;GO;-17.971900;-50.338800
1712801;Maurilândia do Tocantins;TO;-5.951690;-47.512500
2308104;Mauriti;CE;-7.385970;-38.770800
2407500;Maxaranguape;RN;-5.521810;-35.263100
4312203;Maximiliano de Almeida;RS;-27.632500;-51.802000
1600402;Mazagão;AP;-0.113360;-51.289100
3141306;Medeiros;MG;-19.986500;-46.218100
2921104;Medeiros Neto;BA;-17.370700;-40.223800
4115804;Medianeira;PR;-25.297700;-54.094300
1504455;Medicilândia;PA;-3.446370;-52.887500
3141405;Medina;MG;-16.224500;-41.472800
4210803;Meleiro;SC;-28.824400;-49.637800
1504505;Melgaço;PA;-1.803200;-50.714900
3302809;Mendes;RJ;-22.524500;-43.731200
3141504;Mendes Pimentel;MG;-18.663100;-41.405200
3529500;Mendonça;SP;-21.175700;-49.579100
4115853;Mercedes;PR;-24.453800;-54.161800
3141603;Mercês;MG;-21.197600;-43.333700
3529609;Meridiano;SP;-20.357900;-50.181100
2308203;Meruoca;CE;-3.539740;-40.453100
3529658;Mesópolis;SP;-19.968400;-50.632600
3302858;Mesquita;RJ;-22.802800;-43.460100
3141702;Mesquita;MG;-19.224000;-42.607900
2705200;Messias;AL;-9.393840;-35.839200
2407609;Messias Targino;RN;-6.071940;-37.515800
2206209;Miguel Alves;PI;-4.168570;-42.896300
2921203;Miguel Calmon;BA;-11.429900;-40.603100
2206308;Miguel Leão;PI;-5.680770;-42.743600
3302908;Miguel Pereira;RJ;-22.457200;-43.480300
3529708;Miguelópolis;SP;-20.179600;-48.031000
2308302;Milagres;CE;-7.297490;-38.937800
2921302;Milagres;BA;-12.864600;-39.861100
2106672;Milagres do Maranhão;MA;-3.574430;-42.613100
2308351;Milhã;CE;-5.672520;-39.187500
2206357;Milton Brandão;PI;-4.682950;-41.417300
5213053;Mimoso de Goiás;GO;-15.051500;-48.161100
3203403;Mimoso do Sul;ES;-21.062800;-41.361500
5213087;Minaçu;GO;-13.530400;-48.220600
2705309;Minador do Negrão;AL;-9.312360;-36.869600
4312252;Minas do Leão;RS;-30.134600;-52.042300
3141801;Minas Novas;MG;-17.215600;-42.588400
3141900;Minduri;MG;-21.679700;-44.605100
5213103;Mineiros;GO;-17.565400;-52.553700
3529807;Mineiros do Tietê;SP;-22.412000;-48.451000
1101203;Ministro Andreazza;RO;-11.196000;-61.517400
3530003;Mira Estrela;SP;-19.978900;-50.139000
3142007;Mirabela;MG;-16.256000;-44.160200
3529906;Miracatu;SP;-24.276600;-47.462500
3303005;Miracema;RJ;-21.414800;-42.193800
1713205;Miracema do Tocantins;TO;-9.565560;-48.393000
2106706;Mirador;MA;-6.374540;-44.368300
4115903;Mirador;PR;-23.255000;-52.776100
3142106;Miradouro;MG;-20.889900;-42.345800
4312302;Miraguaí;RS;-27.497000;-53.689100
3142205;Miraí;MG;-21.202100;-42.612200
2308377;Miraíma;CE;-3.568670;-39.966300
5005608;Miranda;MS;-20.235500;-56.374600
2106755;Miranda do Norte;MA;-3.563130;-44.581400
2609303;Mirandiba;PE;-8.121130;-38.738800
3530102;Mirandópolis;SP;-21.131300;-51.103500
2921401;Mirangaba;BA;-10.961000;-40.574000
1713304;Miranorte;TO;-9.529070;-48.592200
2921450;Mirante;BA;-14.238500;-40.771800
1101302;Mirante da Serra;RO;-11.029000;-62.669600
3530201;Mirante do Paranapanema;SP;-22.290400;-51.908400
4116000;Miraselva;PR;-22.965700;-51.484600
3530300;Mirassol;SP;-20.816900;-49.520600
5105622;Mirassol d'Oeste;MT;-15.675900;-58.095100
3530409;Mirassolândia;SP;-20.617900;-49.461700
3142254;Miravânia;MG;-14.734800;-44.409200
4210852;Mirim Doce;SC;-27.197000;-50.078600
2106805;Mirinzal;MA;-2.070940;-44.778700
4116059;Missal;PR;-25.091900;-54.247700
2308401;Missão Velha;CE;-7.235220;-39.143000
1504604;Mocajuba;PA;-2.583100;-49.504200
3530508;Mococa;SP;-21.464700;-47.002400
4210902;Modelo;SC;-26.772900;-53.040000
3142304;Moeda;MG;-20.339900;-44.050900
3142403;Moema;MG;-19.838700;-45.412700
2509404;Mogeiro;PB;-7.285170;-35.483200
3530607;Mogi das Cruzes;SP;-23.520800;-46.185400
3530706;Mogi Guaçu;SP;-22.367500;-46.942800
3530805;Mogi Mirim;SP;-22.433200;-46.953200
5213400;Moiporá;GO;-16.543400;-50.739000
2804102;Moita Bonita;SE;-10.576900;-37.351200
1504703;Moju;PA;-1.889930;-48.766800
1504752;Mojuí dos Campos;PA;-2.682200;-54.642500
2308500;Mombaça;CE;-5.738440;-39.630000
3530904;Mombuca;SP;-22.928500;-47.559000
2106904;Monção;MA;-3.481250;-45.249600
3531001;Monções;SP;-20.850900;-50.097500
4211009;Mondaí;SC;-27.100800;-53.403200
3531100;Mongaguá;SP;-24.080900;-46.626500
3142502;Monjolos;MG;-18.324500;-44.118000
2206407;Monsenhor Gil;PI;-5.562000;-42.607500
2206506;Monsenhor Hipólito;PI;-6.992750;-41.026000
3142601;Monsenhor Paulo;MG;-21.757900;-45.539100
2308609;Monsenhor Tabosa;CE;-4.791020;-40.064600
2509503;Montadas;PB;-7.088480;-35.959200
3142700;Montalvânia;MG;-14.419700;-44.371900
3203502;Montanha;ES;-18.130300;-40.366800
2407708;Montanhas;RN;-6.485220;-35.284200
4312351;Montauri;RS;-28.646200;-52.076700
1504802;Monte Alegre;PA;-1.997680;-54.072400
2407807;Monte Alegre;RN;-6.070630;-35.325300
5213509;Monte Alegre de Goiás;GO;-13.255200;-46.892800
3142809;Monte Alegre de Minas;MG;-18.869000;-48.881000
2804201;Monte Alegre de Sergipe;SE;-10.025600;-37.561600
2206605;Monte Alegre do Piauí;PI;-9.753640;-45.303700
3531209;Monte Alegre do Sul;SP;-22.681700;-46.681000
4312377;Monte Alegre dos Campos;RS;-28.680500;-50.783400
3531308;Monte Alto;SP;-21.265500;-48.497100
3531407;Monte Aprazível;SP;-20.768000;-49.718400
3142908;Monte Azul;MG;-15.151400;-42.871800
3531506;Monte Azul Paulista;SP;-20.906500;-48.638700
3143005;Monte Belo;MG;-21.327100;-46.363500
4312385;Monte Belo do Sul;RS;-29.160700;-51.633300
4211058;Monte Carlo;SC;-27.223900;-50.980800
3143104;Monte Carmelo;MG;-18.730200;-47.491200
4211108;Monte Castelo;SC;-26.461000;-50.232700
3531605;Monte Castelo;SP;-21.298100;-51.567900
2407906;Monte das Gameleiras;RN;-6.436980;-35.783100
1713601;Monte do Carmo;TO;-10.761100;-48.111400
3143153;Monte Formoso;MG;-16.869100;-41.247300
2509602;Monte Horebe;PB;-7.204020;-38.583800
3531803;Monte Mor;SP;-22.945000;-47.312200
1101401;Monte Negro;RO;-10.245800;-63.290000
2921500;Monte Santo;BA;-10.437400;-39.332100
3143203;Monte Santo de Minas;MG;-21.187300;-46.975300
1713700;Monte Santo do Tocantins;TO;-10.007500;-48.994100
3143401;Monte Sião;MG;-22.433500;-46.573000
2509701;Monteiro;PB;-7.883630;-37.118400
3531704;Monteiro Lobato;SP;-22.954400;-45.840700
2705408;Monteirópolis;AL;-9.603570;-37.250500
4312401;Montenegro;RS;-29.682400;-51.467900
2107001;Montes Altos;MA;-5.830670;-47.067300
3143302;Montes Claros;MG;-16.728200;-43.857800
5213707;Montes Claros de Goiás;GO;-16.005900;-51.397900
3143450;Montezuma;MG;-15.170200;-42.494100
5213756;Montividiu;GO;-17.443900;-51.172800
5213772;Montividiu do Norte;GO;-13.348500;-48.685300
2308708;Morada Nova;CE;-5.097360;-38.370200
3143500;Morada Nova de Minas;MG;-18.599800;-45.358400
2308807;Moraújo;CE;-3.463110;-40.677600
2614303;Moreilândia;PE;-7.619310;-39.546000
4116109;Moreira Sales;PR;-24.050900;-53.010200
2609402;Moreno;PE;-8.108710;-35.083500
4312427;Mormaço;RS;-28.696800;-52.699900
2921609;Morpará;BA;-11.556900;-43.276600
4116208;Morretes;PR;-25.474400;-48.834500
5213806;Morrinhos;GO;-17.733400;-49.105900
2308906;Morrinhos;CE;-3.234260;-40.123300
4312443;Morrinhos do Sul;RS;-29.357800;-49.932800
3531902;Morro Agudo;SP;-20.728800;-48.058100
5213855;Morro Agudo de Goiás;GO;-15.318400;-50.055300
2206654;Morro Cabeça no Tempo;PI;-9.718910;-43.907200
4211207;Morro da Fumaça;SC;-28.651100;-49.216900
3143609;Morro da Garça;MG;-18.535600;-44.601000
2921708;Morro do Chapéu;BA;-11.548800;-41.156500
2206670;Morro do Chapéu do Piauí;PI;-3.733370;-42.302400
3143708;Morro do Pilar;MG;-19.223600;-43.379500
4211256;Morro Grande;SC;-28.800600;-49.721400
4312450;Morro Redondo;RS;-31.588700;-52.626100
4312476;Morro Reuter;RS;-29.537900;-51.081100
2107100;Morros;MA;-2.853790;-44.035700
2921807;Mortugaba;BA;-15.022500;-42.372700
3532009;Morungaba;SP;-22.881100;-46.789600
5213905;Mossâmedes;GO;-16.124000;-50.213600
2408003;Mossoró;RN;-5.183740;-37.347400
4312500;Mostardas;RS;-31.105400;-50.916700
3532058;Motuca;SP;-21.510300;-48.153800
5214002;Mozarlândia;GO;-14.745700;-50.571300
1504901;Muaná;PA;-1.539360;-49.222400
1400308;Mucajaí;RR;2.439980;-60.909600
2309003;Mucambo;CE;-3.902710;-40.745200
2921906;Mucugê;BA;-13.005300;-41.370300
4312609;Muçum;RS;-29.163000;-51.871400
2922003;Mucuri;BA;-18.075400;-39.556500
3203601;Mucurici;ES;-18.096500;-40.520000
4312617;Muitos Capões;RS;-28.313200;-51.183600
4312625;Muliterno;RS;-28.325300;-51.769700
2509800;Mulungu;PB;-7.025250;-35.460000
2309102;Mulungu;CE;-4.302940;-38.995100
2922052;Mulungu do Morro;BA;-11.964800;-41.637400
2922102;Mundo Novo;BA;-11.854100;-40.471400
5005681;Mundo Novo;MS;-23.935500;-54.281000
5214051;Mundo Novo;GO;-13.772900;-50.281400
3143807;Munhoz;MG;-22.609200;-46.362000
4116307;Munhoz de Melo;PR;-23.148700;-51.773700
2922201;Muniz Ferreira;BA;-13.009200;-39.109200
3203700;Muniz Freire;ES;-20.465200;-41.415600
2922250;Muquém de São Francisco;BA;-12.065000;-43.549700
3203809;Muqui;ES;-20.950900;-41.346000
3143906;Muriaé;MG;-21.130000;-42.369300
2804300;Muribeca;SE;-10.427100;-36.958800
2705507;Murici;AL;-9.306820;-35.942800
2206696;Murici dos Portelas;PI;-3.319000;-42.094000
1713957;Muricilândia;TO;-7.146690;-48.609100
2922300;Muritiba;BA;-12.632900;-38.992100
3532108;Murutinga do Sul;SP;-20.990800;-51.277400
2922409;Mutuípe;BA;-13.228400;-39.504400
3144003;Mutum;MG;-19.812100;-41.440700
5214101;Mutunópolis;GO;-13.730300;-49.274500
3144102;Muzambinho;MG;-21.369200;-46.521300
3144201;Nacip Raydan;MG;-18.454400;-42.248100
3532157;Nantes;SP;-22.615600;-51.240000
3144300;Nanuque;MG;-17.848100;-40.353300
4312658;Não-Me-Toque;RS;-28.454800;-52.818200
3144359;Naque;MG;-19.229100;-42.331200
3532207;Narandiba;SP;-22.405700;-51.527400
2408102;Natal;RN;-5.793570;-35.198600
3144375;Natalândia;MG;-16.502100;-46.487400
3144409;Natércia;MG;-22.115800;-45.512300
1714203;Natividade;TO;-11.703400;-47.722300
3303104;Natividade;RJ;-21.039000;-41.969700
3532306;Natividade da Serra;SP;-23.370700;-45.446800
2509909;Natuba;PB;-7.635140;-35.558600
4211306;Navegantes;SC;-26.894300;-48.654600
5005707;Naviraí;MS;-23.061800;-54.199500
2922508;Nazaré;BA;-13.023500;-39.010800
1714302;Nazaré;TO;-6.374960;-47.664300
2609501;Nazaré da Mata;PE;-7.741490;-35.219300
2206704;Nazaré do Piauí;PI;-6.970230;-42.677300
3532405;Nazaré Paulista;SP;-23.174700;-46.398300
3144508;Nazareno;MG;-21.216800;-44.613800
2510006;Nazarezinho;PB;-6.911400;-38.322000
2206720;Nazária;PI;-5.351280;-42.815300
5214408;Nazário;GO;-16.580800;-49.881700
2804409;Neópolis;SE;-10.321500;-36.585000
3144607;Nepomuceno;MG;-21.232400;-45.235000
5214507;Nerópolis;GO;-16.404700;-49.222700
3532504;Neves Paulista;SP;-20.843000;-49.635800
1303007;Nhamundá;AM;-2.207930;-56.711200
3532603;Nhandeara;SP;-20.694500;-50.043600
4312674;Nicolau Vergueiro;RS;-28.529800;-52.467600
2922607;Nilo Peçanha;BA;-13.604000;-39.109100
3303203;Nilópolis;RJ;-22.805700;-43.423300
2107209;Nina Rodrigues;MA;-3.467880;-43.913400
3144656;Ninheira;MG;-15.314800;-41.756400
5005806;Nioaque;MS;-21.141900;-55.829600
3532702;Nipoã;SP;-20.911400;-49.783300
5214606;Niquelândia;GO;-14.466200;-48.459900
2408201;Nísia Floresta;RN;-6.093290;-35.199100
3303302;Niterói;RJ;-22.883200;-43.103400
5105903;Nobres;MT;-14.719200;-56.328400
4312708;Nonoai;RS;-27.368900;-52.775600
2922656;Nordestina;BA;-10.819200;-39.429700
1400407;Normandia;RR;3.885300;-59.620400
5106000;Nortelândia;MT;-14.454000;-56.794500
2804458;Nossa Senhora Aparecida;SE;-10.394400;-37.451700
2804508;Nossa Senhora da Glória;SE;-10.215800;-37.421100
2804607;Nossa Senhora das Dores;SE;-10.485400;-37.196300
4116406;Nossa Senhora das Graças;PR;-22.912900;-51.797800
2804706;Nossa Senhora de Lourdes;SE;-10.077200;-37.061500
2206753;Nossa Senhora de Nazaré;PI;-4.630190;-42.173000
5106109;Nossa Senhora do Livramento;MT;-15.772000;-56.343200
2804805;Nossa Senhora do Socorro;SE;-10.846800;-37.123100
2206803;Nossa Senhora dos Remédios;PI;-3.975740;-42.618400
3532801;Nova Aliança;SP;-21.015600;-49.498600
4116505;Nova Aliança do Ivaí;PR;-23.176300;-52.603200
4312757;Nova Alvorada;RS;-28.682200;-52.163100
5006002;Nova Alvorada do Sul;MS;-21.465700;-54.382500
5214705;Nova América;GO;-15.020600;-49.895300
4116604;Nova América da Colina;PR;-23.330800;-50.716800
5006200;Nova Andradina;MS;-22.238000;-53.343700
4312807;Nova Araçá;RS;-28.653700;-51.745800
4116703;Nova Aurora;PR;-24.528900;-53.257500
5214804;Nova Aurora;GO;-18.059700;-48.255200
5106158;Nova Bandeirantes;MT;-9.849770;-57.813900
4312906;Nova Bassano;RS;-28.729100;-51.707200
3144672;Nova Belém;MG;-18.492500;-41.110700
4312955;Nova Boa Vista;RS;-27.992600;-52.978400
5106208;Nova Brasilândia;MT;-14.961200;-54.968500
1100148;Nova Brasilândia D'Oeste;RO;-11.724700;-62.312700
4313003;Nova Bréscia;RS;-29.218200;-52.031900
3532827;Nova Campina;SP;-24.122400;-48.902200
2922706;Nova Canaã;BA;-14.791200;-40.145800
5106216;Nova Canaã do Norte;MT;-10.558000;-55.953000
3532843;Nova Canaã Paulista;SP;-20.383600;-50.948300
4313011;Nova Candelária;RS;-27.613700;-54.107400
4116802;Nova Cantu;PR;-24.672300;-52.566100
3532868;Nova Castilho;SP;-20.761500;-50.347700
2107258;Nova Colinas;MA;-7.122630;-46.260700
5214838;Nova Crixás;GO;-14.095700;-50.330000
2408300;Nova Cruz;RN;-6.475110;-35.428600
3144706;Nova Era;MG;-19.757700;-43.033300
4211405;Nova Erechim;SC;-26.898200;-52.906600
4116901;Nova Esperança;PR;-23.182000;-52.203100
1504950;Nova Esperança do Piriá;PA;-2.266930;-46.973100
4116950;Nova Esperança do Sudoeste;PR;-25.900400;-53.261800
4313037;Nova Esperança do Sul;RS;-29.406600;-54.829300
3532900;Nova Europa;SP;-21.776500;-48.570500
4117008;Nova Fátima;PR;-23.432400;-50.566500
2922730;Nova Fátima;BA;-11.603100;-39.630200
2510105;Nova Floresta;PB;-6.450560;-36.205700
3303401;Nova Friburgo;RJ;-22.293200;-42.537700
5214861;Nova Glória;GO;-15.145000;-49.573700
3533007;Nova Granada;SP;-20.532100;-49.312300
5108808;Nova Guarita;MT;-10.312000;-55.406100
3533106;Nova Guataporanga;SP;-21.332000;-51.644700
4313060;Nova Hartz;RS;-29.580800;-50.905100
2922755;Nova Ibiá;BA;-13.812000;-39.618200
3303500;Nova Iguaçu;RJ;-22.755600;-43.460300
5214879;Nova Iguaçu de Goiás;GO;-14.286800;-49.387200
3533205;Nova Independência;SP;-21.102600;-51.490500
2107308;Nova Iorque;MA;-6.730470;-44.047100
1504976;Nova Ipixuna;PA;-4.916220;-49.082200
4211454;Nova Itaberaba;SC;-26.942800;-52.814100
2922805;Nova Itarana;BA;-13.024100;-40.065300
5106182;Nova Lacerda;MT;-14.472700;-59.600100
4117057;Nova Laranjeiras;PR;-25.305400;-52.544700
3144805;Nova Lima;MG;-19.975800;-43.850900
4117107;Nova Londrina;PR;-22.763900;-52.986800
3533304;Nova Luzitânia;SP;-20.856000;-50.261700
1100338;Nova Mamoré;RO;-10.407700;-65.334600
5108857;Nova Marilândia;MT;-14.356800;-56.969600
5108907;Nova Maringá;MT;-13.013600;-57.090800
3144904;Nova Módica;MG;-18.441700;-41.498400
5108956;Nova Monte Verde;MT;-9.999980;-57.526100
5106224;Nova Mutum;MT;-13.837400;-56.074300
5106174;Nova Nazaré;MT;-13.948600;-51.800200
3533403;Nova Odessa;SP;-22.783200;-47.294100
4117206;Nova Olímpia;PR;-23.470300;-53.089800
5106232;Nova Olímpia;MT;-14.788900;-57.288600
1714880;Nova Olinda;TO;-7.631710;-48.425200
2309201;Nova Olinda;CE;-7.084150;-39.671300
2510204;Nova Olinda;PB;-7.472320;-38.038200
2107357;Nova Olinda do Maranhão;MA;-2.842270;-45.695300
1303106;Nova Olinda do Norte;AM;-3.900370;-59.094000
4313086;Nova Pádua;RS;-29.027500;-51.309800
4313102;Nova Palma;RS;-29.471000;-53.468900
2510303;Nova Palmeira;PB;-6.671220;-36.422000
4313201;Nova Petrópolis;RS;-29.374100;-51.113600
3145000;Nova Ponte;MG;-19.146100;-47.677900
3145059;Nova Porteirinha;MG;-15.799300;-43.294100
4313300;Nova Prata;RS;-28.779900;-51.611300
4117255;Nova Prata do Iguaçu;PR;-25.630900;-53.346900
4313334;Nova Ramada;RS;-28.066700;-53.699200
2922854;Nova Redenção;BA;-12.815000;-41.074800
3145109;Nova Resende;MG;-21.128600;-46.415700
5214903;Nova Roma;GO;-13.738800;-46.873400
4313359;Nova Roma do Sul;RS;-28.988200;-51.409500
1715002;Nova Rosalândia;TO;-10.565100;-48.912500
2309300;Nova Russas;CE;-4.705810;-40.562100
4117214;Nova Santa Bárbara;PR;-23.586500;-50.759800
5106190;Nova Santa Helena;MT;-10.865100;-55.187200
4313375;Nova Santa Rita;RS;-29.852500;-51.283700
2207959;Nova Santa Rita;PI;-8.097070;-42.047100
4117222;Nova Santa Rosa;PR;-24.469300;-53.955200
3145208;Nova Serrana;MG;-19.871300;-44.984700
2922904;Nova Soure;BA;-11.232900;-38.487100
4117271;Nova Tebas;PR;-24.438000;-51.945400
1505007;Nova Timboteua;PA;-1.208740;-47.392100
4211504;Nova Trento;SC;-27.278000;-48.929800
5106240;Nova Ubiratã;MT;-12.983400;-55.255600
3136603;Nova União;MG;-19.687600;-43.583000
1101435;Nova União;RO;-10.906800;-62.556400
3203908;Nova Venécia;ES;-18.715000;-40.405300
4211603;Nova Veneza;SC;-28.633800;-49.505500
5215009;Nova Veneza;GO;-16.369500;-49.316800
2923001;Nova Viçosa;BA;-17.892600;-39.374300
5106257;Nova Xavantina;MT;-14.677100;-52.350200
3533254;Novais;SP;-20.989300;-48.914100
1715101;Novo Acordo;TO;-9.970630;-47.678500
1303205;Novo Airão;AM;-2.636370;-60.943400
1715150;Novo Alegre;TO;-12.921700;-46.571300
1303304;Novo Aripuanã;AM;-5.125930;-60.373200
4313490;Novo Barreiro;RS;-27.907700;-53.110300
5215207;Novo Brasil;GO;-16.031300;-50.711300
4313391;Novo Cabrais;RS;-29.733800;-52.948900
3145307;Novo Cruzeiro;MG;-17.465400;-41.882600
5215231;Novo Gama;GO;-16.059200;-48.041700
4313409;Novo Hamburgo;RS;-29.687500;-51.132800
4211652;Novo Horizonte;SC;-26.444200;-52.828100
3533502;Novo Horizonte;SP;-21.465100;-49.223400
2923035;Novo Horizonte;BA;-12.808300;-42.168200
5106273;Novo Horizonte do Norte;MT;-11.408900;-57.348800
1100502;Novo Horizonte do Oeste;RO;-11.696100;-61.995100
5006259;Novo Horizonte do Sul;MS;-22.669300;-53.860100
4117297;Novo Itacolomi;PR;-23.763100;-51.507900
1715259;Novo Jardim;TO;-11.826000;-46.632500
2705606;Novo Lino;AL;-8.941910;-35.664000
4313425;Novo Machado;RS;-27.576500;-54.503600
5106265;Novo Mundo;MT;-9.956160;-55.202900
2309409;Novo Oriente;CE;-5.525520;-40.771300
3145356;Novo Oriente de Minas;MG;-17.408900;-41.219400
2206902;Novo Oriente do Piauí;PI;-6.449010;-41.926100
5215256;Novo Planalto;GO;-13.242400;-49.506000
1505031;Novo Progresso;PA;-7.143470;-55.378600
1505064;Novo Repartimento;PA;-4.247490;-49.949900
2206951;Novo Santo Antônio;PI;-5.287490;-41.932500
5106315;Novo Santo Antônio;MT;-12.287500;-50.968600
5106281;Novo São Joaquim;MT;-14.905400;-53.019400
4313441;Novo Tiradentes;RS;-27.564900;-53.183700
2923050;Novo Triunfo;BA;-10.318200;-38.401400
4313466;Novo Xingu;RS;-27.749000;-53.063900
3145372;Novorizonte;MG;-16.016200;-42.404400
3533601;Nuporanga;SP;-20.729600;-47.742900
1505106;Óbidos;PA;-1.901070;-55.520800
2309458;Ocara;CE;-4.485230;-38.593300
3533700;Ocauçu;SP;-22.438000;-49.922000
2207009;Oeiras;PI;-7.019150;-42.128300
1505205;Oeiras do Pará;PA;-2.003580;-49.862800
1600501;Oiapoque;AP;3.840740;-51.833100
3145406;Olaria;MG;-21.859800;-43.935600
3533809;Óleo;SP;-22.943500;-49.341900
2510402;Olho d'Água;PB;-7.221180;-37.740600
2107407;Olho d'Água das Cunhãs;MA;-4.134170;-45.116300
2705705;Olho d'Água das Flores;AL;-9.536860;-37.297100
2705804;Olho d'Água do Casado;AL;-9.503570;-37.830100
2207108;Olho D'Água do Piauí;PI;-5.841250;-42.559400
2705903;Olho d'Água Grande;AL;-10.057200;-36.810100
2408409;Olho-d'Água do Borges;RN;-5.948600;-37.704700
3145455;Olhos d'Água;MG;-17.398200;-43.571900
3533908;Olímpia;SP;-20.736600;-48.910600
3145505;Olímpio Noronha;MG;-22.068500;-45.265700
2609600;Olinda;PE;-8.010170;-34.854500
2107456;Olinda Nova do Maranhão;MA;-2.992950;-44.989700
2923100;Olindina;BA;-11.349700;-38.337900
2510501;Olivedos;PB;-6.984340;-36.241000
3145604;Oliveira;MG;-20.698200;-44.829000
1715507;Oliveira de Fátima;TO;-10.707000;-48.908600
2923209;Oliveira dos Brejinhos;BA;-12.313200;-42.896900
3145703;Oliveira Fortes;MG;-21.340100;-43.449900
2706000;Olivença;AL;-9.519540;-37.195400
3145802;Onça de Pitangui;MG;-19.727600;-44.805800
3534005;Onda Verde;SP;-20.604200;-49.292900
3145851;Oratórios;MG;-20.429800;-42.797700
3534104;Oriente;SP;-22.154900;-50.097100
3534203;Orindiúva;SP;-20.186100;-49.346400
1505304;Oriximiná;PA;-1.759890;-55.857900
3145877;Orizânia;MG;-20.514200;-42.199100
5215306;Orizona;GO;-17.033400;-48.296400
3534302;Orlândia;SP;-20.716900;-47.885200
4211702;Orleans;SC;-28.348700;-49.298600
2609709;Orobó;PE;-7.745530;-35.595600
2609808;Orocó;PE;-8.610260;-39.602600
2309508;Orós;CE;-6.251820;-38.905300
4117305;Ortigueira;PR;-24.205800;-50.918500
3534401;Osasco;SP;-23.532400;-46.791600
3534500;Oscar Bressane;SP;-22.314900;-50.281100
4313508;Osório;RS;-29.888100;-50.266700
3534609;Osvaldo Cruz;SP;-21.796800;-50.879300
4211751;Otacílio Costa;SC;-27.478900;-50.123100
1505403;Ourém;PA;-1.541680;-47.112600
2923308;Ouriçangas;BA;-12.017500;-38.616600
2609907;Ouricuri;PE;-7.879180;-40.080000
1505437;Ourilândia do Norte;PA;-6.752900;-51.085800
3534708;Ourinhos;SP;-22.979700;-49.869700
4117404;Ourizona;PR;-23.405300;-52.196400
4211801;Ouro;SC;-27.337900;-51.619400
3145901;Ouro Branco;MG;-20.526300;-43.696200
2408508;Ouro Branco;RN;-6.695800;-36.942800
2706109;Ouro Branco;AL;-9.158840;-37.355600
3146008;Ouro Fino;MG;-22.277900;-46.371600
3146107;Ouro Preto;MG;-20.379600;-43.512000
1100155;Ouro Preto do Oeste;RO;-10.716700;-62.256500
2510600;Ouro Velho;PB;-7.616040;-37.151900
4211850;Ouro Verde;SC;-26.692000;-52.310800
3534807;Ouro Verde;SP;-21.487200;-51.702400
5215405;Ouro Verde de Goiás;GO;-16.218100;-49.194200
3146206;Ouro Verde de Minas;MG;-18.071900;-41.273400
4117453;Ouro Verde do Oeste;PR;-24.793300;-53.904300
3534757;Ouroeste;SP;-20.006100;-50.376800
2923357;Ourolândia;BA;-10.957800;-41.075600
5215504;Ouvidor;GO;-18.227700;-47.835500
3534906;Pacaembu;SP;-21.562700;-51.265400
1505486;Pacajá;PA;-3.835420;-50.639900
2309607;Pacajus;CE;-4.171070;-38.465000
1400456;Pacaraima;RR;4.479900;-61.147700
2309706;Pacatuba;CE;-3.978400;-38.618300
2804904;Pacatuba;SE;-10.453800;-36.653100
2107506;Paço do Lumiar;MA;-2.516570;-44.101900
2309805;Pacoti;CE;-4.224920;-38.922000
2309904;Pacujá;CE;-3.983270;-40.698900
5215603;Padre Bernardo;GO;-15.160500;-48.283300
3146255;Padre Carvalho;MG;-16.364600;-42.508800
2207207;Padre Marcos;PI;-7.351010;-40.899700
3146305;Padre Paraíso;MG;-17.075800;-41.482100
2207306;Paes Landim;PI;-7.773750;-42.247400
3146552;Pai Pedro;MG;-15.527100;-43.070000
4211876;Paial;SC;-27.254100;-52.497500
4117503;Paiçandu;PR;-23.455500;-52.046000
4313607;Paim Filho;RS;-27.707500;-51.763000
3146404;Paineiras;MG;-18.899300;-45.532100
4211892;Painel;SC;-27.923400;-50.097200
3146503;Pains;MG;-20.370500;-45.662700
3146602;Paiva;MG;-21.291300;-43.408800
2207355;Pajeú do Piauí;PI;-7.855080;-42.824800
2706208;Palestina;AL;-9.674930;-37.339000
3535002;Palestina;SP;-20.390000;-49.430900
5215652;Palestina de Goiás;GO;-16.739200;-51.530900
1505494;Palestina do Pará;PA;-5.740270;-48.318100
2310001;Palhano;CE;-4.736720;-37.965500
4211900;Palhoça;SC;-27.645500;-48.669700
3146701;Palma;MG;-21.374800;-42.312300
4212007;Palma Sola;SC;-26.347100;-53.277100
2310100;Palmácia;CE;-4.138310;-38.844600
2610004;Palmares;PE;-8.684230;-35.589000
4313656;Palmares do Sul;RS;-30.253500;-50.510300
3535101;Palmares Paulista;SP;-21.085400;-48.803700
4117602;Palmas;PR;-26.483900;-51.988800
1721000;Palmas;TO;-10.240000;-48.355800
2923407;Palmas de Monte Alto;BA;-14.267600;-43.160900
4117701;Palmeira;PR;-25.425700;-50.007000
4212056;Palmeira;SC;-27.583000;-50.157700
3535200;Palmeira d'Oeste;SP;-20.414800;-50.763200
4313706;Palmeira das Missões;RS;-27.900700;-53.313400
2207405;Palmeira do Piauí;PI;-8.730760;-44.246600
2706307;Palmeira dos Índios;AL;-9.405680;-36.632800
2207504;Palmeirais;PI;-5.970860;-43.056000
2107605;Palmeirândia;MA;-2.644330;-44.893300
1715705;Palmeirante;TO;-7.847860;-47.924200
2923506;Palmeiras;BA;-12.505900;-41.580900
5215702;Palmeiras de Goiás;GO;-16.804400;-49.924000
1713809;Palmeiras do Tocantins;TO;-6.616580;-47.546400
2610103;Palmeirina;PE;-9.010900;-36.324200
1715754;Palmeirópolis;TO;-13.044700;-48.402600
5215801;Palmelo;GO;-17.325800;-48.426000
5215900;Palminópolis;GO;-16.792400;-50.165200
3535309;Palmital;SP;-22.785800;-50.218000
4117800;Palmital;PR;-24.885300;-52.202900
4313805;Palmitinho;RS;-27.359600;-53.558000
4212106;Palmitos;SC;-27.070200;-53.158600
3146750;Palmópolis;MG;-16.736400;-40.429600
4117909;Palotina;PR;-24.286800;-53.840400
5216007;Panamá;GO;-18.178300;-49.355000
4313904;Panambi;RS;-28.283300;-53.502300
3204005;Pancas;ES;-19.222900;-40.853400
2610202;Panelas;PE;-8.661210;-36.012500
3535408;Panorama;SP;-21.354000;-51.856200
4313953;Pantano Grande;RS;-30.190200;-52.372900
2706406;Pão de Açúcar;AL;-9.740320;-37.440300
3146909;Papagaios;MG;-19.441900;-44.746800
4212205;Papanduva;SC;-26.377700;-50.141900
2207553;Paquetá;PI;-7.103030;-41.700000
3147105;Pará de Minas;MG;-19.853400;-44.611400
3303609;Paracambi;RJ;-22.607800;-43.710800
3147006;Paracatu;MG;-17.225200;-46.871100
2310209;Paracuru;CE;-3.414360;-39.030000
1505502;Paragominas;PA;-3.002120;-47.352700
3147204;Paraguaçu;MG;-21.546500;-45.737400
3535507;Paraguaçu Paulista;SP;-22.411400;-50.573200
4314001;Paraí;RS;-28.596400;-51.789600
3303708;Paraíba do Sul;RJ;-22.158500;-43.304000
2107704;Paraibano;MA;-6.426400;-43.979200
3535606;Paraibuna;SP;-23.387200;-45.663900
2310258;Paraipaba;CE;-3.437990;-39.147900
3535705;Paraíso;SP;-21.015900;-48.776100
4212239;Paraíso;SC;-26.620000;-53.671600
5006275;Paraíso das Águas;MS;-19.021600;-53.011600
4118006;Paraíso do Norte;PR;-23.282400;-52.605400
4314027;Paraíso do Sul;RS;-29.671700;-53.144000
1716109;Paraíso do Tocantins;TO;-10.175000;-48.882300
3147303;Paraisópolis;MG;-22.553900;-45.780300
2310308;Parambu;CE;-6.207680;-40.690500
2923605;Paramirim;BA;-13.438800;-42.239500
2310407;Paramoti;CE;-4.088150;-39.241700
1716208;Paranã;TO;-12.616700;-47.873400
2408607;Paraná;RN;-6.475650;-38.305700
4118105;Paranacity;PR;-22.929700;-52.154900
4118204;Paranaguá;PR;-25.516100;-48.522500
5006309;Paranaíba;MS;-19.674600;-51.190900
5216304;Paranaiguara;GO;-18.914100;-50.653900
5106299;Paranaíta;MT;-9.658350;-56.478600
3535804;Paranapanema;SP;-23.386200;-48.721400
4118303;Paranapoema;PR;-22.641200;-52.090500
3535903;Paranapuã;SP;-20.104800;-50.588600
2610301;Paranatama;PE;-8.918750;-36.654900
5106307;Paranatinga;MT;-14.426500;-54.052400
4118402;Paranavaí;PR;-23.081600;-52.461700
5006358;Paranhos;MS;-23.891100;-55.429000
3147402;Paraopeba;MG;-19.273200;-44.404400
3536000;Parapuã;SP;-21.779200;-50.794900
2510659;Parari;PB;-7.309750;-36.652200
2923704;Paratinga;BA;-12.687000;-43.179800
3303807;Paraty;RJ;-23.222100;-44.717500
2408706;Paraú;RN;-5.768930;-37.103200
1505536;Parauapebas;PA;-6.067810;-49.903700
5216403;Paraúna;GO;-16.946300;-50.448400
2408805;Parazinho;RN;-5.222760;-35.839800
3536109;Pardinho;SP;-23.084100;-48.367900
4314035;Pareci Novo;RS;-29.636500;-51.397400
1101450;Parecis;RO;-12.175400;-61.603200
2408904;Parelhas;RN;-6.684910;-36.656600
2706422;Pariconha;AL;-9.256340;-37.998800
1303403;Parintins;AM;-2.637410;-56.729000
2923803;Paripiranga;BA;-10.685900;-37.862600
2706448;Paripueira;AL;-9.463130;-35.552000
3536208;Pariquera-Açu;SP;-24.714700;-47.874200
3536257;Parisi;SP;-20.303400;-50.016300
2207603;Parnaguá;PI;-10.216600;-44.630000
2207702;Parnaíba;PI;-2.905850;-41.775400
2403251;Parnamirim;RN;-5.911160;-35.271000
2610400;Parnamirim;PE;-8.087290;-39.579500
2107803;Parnarama;MA;-5.673650;-43.101100
4314050;Parobé;RS;-29.624300;-50.831200
2409100;Passa e Fica;RN;-6.430180;-35.644200
3147600;Passa Quatro;MG;-22.387100;-44.970900
4314068;Passa Sete;RS;-29.457700;-52.959900
3147709;Passa Tempo;MG;-20.653900;-44.492600
3147808;Passa-Vinte;MG;-22.209700;-44.234400
3147501;Passabém;MG;-19.350900;-43.138300
2409209;Passagem;RN;-6.272680;-35.370000
2510709;Passagem;PB;-7.134670;-37.043300
2107902;Passagem Franca;MA;-6.177450;-43.775500
2207751;Passagem Franca do Piauí;PI;-5.860360;-42.443600
2610509;Passira;PE;-7.997100;-35.581300
2706505;Passo de Camaragibe;AL;-9.245110;-35.474500
4212254;Passo de Torres;SC;-29.309900;-49.722000
4314076;Passo do Sobrado;RS;-29.748000;-52.274800
4314100;Passo Fundo;RS;-28.257600;-52.409100
3147907;Passos;MG;-20.719300;-46.609000
4212270;Passos Maia;SC;-26.782900;-52.056800
2108009;Pastos Bons;MA;-6.602960;-44.074500
3147956;Patis;MG;-16.077300;-44.078700
4118451;Pato Bragado;PR;-24.627100;-54.226500
4118501;Pato Branco;PR;-26.229200;-52.670600
2510808;Patos;PB;-7.017430;-37.274700
3148004;Patos de Minas;MG;-18.569900;-46.501300
2207777;Patos do Piauí;PI;-7.672310;-41.240800
3148103;Patrocínio;MG;-18.937900;-46.993400
3148202;Patrocínio do Muriaé;MG;-21.154400;-42.212500
3536307;Patrocínio Paulista;SP;-20.638400;-47.280100
2409308;Patu;RN;-6.106560;-37.635600
3303856;Paty do Alferes;RJ;-22.430900;-43.428500
2923902;Pau Brasil;BA;-15.457200;-39.645800
1505551;Pau d'Arco;PA;-1.597720;-46.926800
1716307;Pau D'Arco;TO;-7.539190;-49.367000
2207793;Pau D'Arco do Piauí;PI;-5.260720;-42.390800
2409407;Pau dos Ferros;RN;-6.104980;-38.207700
2610608;Paudalho;PE;-7.902870;-35.171600
1303502;Pauini;AM;-7.713110;-66.992000
3148301;Paula Cândido;MG;-20.875400;-42.975200
4118600;Paula Freitas;PR;-26.210500;-50.931000
3536406;Paulicéia;SP;-21.315300;-51.832100
3536505;Paulínia;SP;-22.754200;-47.148800
2108058;Paulino Neves;MA;-2.720940;-42.525800
2510907;Paulista;PB;-6.591380;-37.618500
2610707;Paulista;PE;-7.934010;-34.868400
2207801;Paulistana;PI;-8.134360;-41.143100
3536570;Paulistânia;SP;-22.576800;-49.400800
3148400;Paulistas;MG;-18.427600;-42.862800
2924009;Paulo Afonso;BA;-9.398300;-38.221600
4314134;Paulo Bento;RS;-27.705100;-52.416900
3536604;Paulo de Faria;SP;-20.029600;-49.400000
4118709;Paulo Frontin;PR;-26.046600;-50.830400
2706604;Paulo Jacinto;AL;-9.367920;-36.367200
4212304;Paulo Lopes;SC;-27.960700;-48.686400
2108108;Paulo Ramos;MA;-4.444850;-45.239800
3148509;Pavão;MG;-17.426700;-41.003500
4314159;Paverama;RS;-29.548600;-51.733900
2207850;Pavussu;PI;-7.960590;-43.228400
2924058;Pé de Serra;BA;-11.831300;-39.611000
4118808;Peabiru;PR;-23.914000;-52.343100
3148608;Peçanha;MG;-18.544100;-42.558300
3536703;Pederneiras;SP;-22.351100;-48.778100
2610806;Pedra;PE;-8.496410;-36.940000
3148707;Pedra Azul;MG;-16.008600;-41.290900
3536802;Pedra Bela;SP;-22.790200;-46.445500
3148756;Pedra Bonita;MG;-20.521900;-42.330400
2511004;Pedra Branca;PB;-7.421690;-38.068900
2310506;Pedra Branca;CE;-5.453410;-39.707800
1600154;Pedra Branca do Amapari;AP;0.777424;-51.950300
3148806;Pedra do Anta;MG;-20.596800;-42.712300
3148905;Pedra do Indaiá;MG;-20.256300;-45.210700
3149002;Pedra Dourada;MG;-20.826600;-42.151500
2409506;Pedra Grande;RN;-5.149880;-35.876000
2511103;Pedra Lavrada;PB;-6.749970;-36.475800
2805000;Pedra Mole;SE;-10.613400;-37.692200
2409605;Pedra Preta;RN;-5.573520;-36.108400
5106372;Pedra Preta;MT;-16.624500;-54.472200
3149101;Pedralva;MG;-22.238600;-45.465400
3536901;Pedranópolis;SP;-20.247400;-50.112900
2924108;Pedrão;BA;-12.149100;-38.648700
4314175;Pedras Altas;RS;-31.736500;-53.581400
2511202;Pedras de Fogo;PB;-7.391070;-35.106500
3149150;Pedras de Maria da Cruz;MG;-15.603200;-44.391000
4212403;Pedras Grandes;SC;-28.433900;-49.194900
3537008;Pedregulho;SP;-20.253500;-47.477500
3537107;Pedreira;SP;-22.741300;-46.894800
2108207;Pedreiras;MA;-4.564820;-44.600600
2805109;Pedrinhas;SE;-11.190200;-37.677500
3537156;Pedrinhas Paulista;SP;-22.817400;-50.793300
3149200;Pedrinópolis;MG;-19.224100;-47.457900
1716505;Pedro Afonso;TO;-8.970340;-48.172900
2924207;Pedro Alexandre;BA;-10.012000;-37.893200
2409704;Pedro Avelino;RN;-5.516100;-36.386700
3204054;Pedro Canário;ES;-18.300400;-39.957400
3537206;Pedro de Toledo;SP;-24.276400;-47.235400
2108256;Pedro do Rosário;MA;-2.972720;-45.349300
5006408;Pedro Gomes;MS;-18.099600;-54.550700
2207900;Pedro II;PI;-4.425850;-41.448200
2207934;Pedro Laurentino;PI;-8.068070;-42.284700
3149309;Pedro Leopoldo;MG;-19.630800;-44.038300
4314209;Pedro Osório;RS;-31.864200;-52.818400
2512721;Pedro Régis;PB;-6.633230;-35.296600
3149408;Pedro Teixeira;MG;-21.707600;-43.743000
2409803;Pedro Velho;RN;-6.435600;-35.219500
1716604;Peixe;TO;-12.025400;-48.539500
1505601;Peixe-Boi;PA;-1.193820;-47.324000
5106422;Peixoto de Azevedo;MT;-10.226200;-54.979400
4314308;Pejuçara;RS;-28.428300;-53.657900
4314407;Pelotas;RS;-31.764900;-52.337100
2310605;Penaforte;CE;-7.821630;-39.070700
2108306;Penalva;MA;-3.276740;-45.176800
3537305;Penápolis;SP;-21.414800;-50.076900
2409902;Pendências;RN;-5.256400;-36.709500
2706703;Penedo;AL;-10.287400;-36.581900
4212502;Penha;SC;-26.775400;-48.646500
2310704;Pentecoste;CE;-3.792740;-39.269200
3149507;Pequeri;MG;-21.834100;-43.114500
3149606;Pequi;MG;-19.628400;-44.660400
1716653;Pequizeiro;TO;-8.593200;-48.932700
3149705;Perdigão;MG;-19.941100;-45.078000
3149804;Perdizes;MG;-19.343400;-47.296300
3149903;Perdões;MG;-21.093200;-45.089600
3537404;Pereira Barreto;SP;-20.636800;-51.112300
3537503;Pereiras;SP;-23.080400;-47.972000
2310803;Pereiro;CE;-6.035760;-38.462400
2108405;Peri Mirim;MA;-2.576760;-44.850400
3149952;Periquito;MG;-19.157300;-42.233300
4212601;Peritiba;SC;-27.375400;-51.901800
2108454;Peritoró;MA;-4.374590;-44.336900
4118857;Perobal;PR;-23.894900;-53.409800
4118907;Pérola;PR;-23.803900;-53.683400
4119004;Pérola d'Oeste;PR;-25.827800;-53.743300
5216452;Perolândia;GO;-17.525800;-52.065000
3537602;Peruíbe;SP;-24.312000;-47.001200
3150000;Pescador;MG;-18.357000;-41.600600
4212650;Pescaria Brava;SC;-28.396600;-48.886400
2610905;Pesqueira;PE;-8.357970;-36.697800
2611002;Petrolândia;PE;-9.068630;-38.302700
4212700;Petrolândia;SC;-27.534600;-49.693700
2611101;Petrolina;PE;-9.388660;-40.502700
5216809;Petrolina de Goiás;GO;-16.096800;-49.336400
3303906;Petrópolis;RJ;-22.520000;-43.192600
2706802;Piaçabuçu;AL;-10.406000;-36.434000
3537701;Piacatu;SP;-21.592100;-50.600300
2511301;Piancó;PB;-7.192820;-37.928900
2924306;Piatã;BA;-13.146500;-41.770200
3150109;Piau;MG;-21.509600;-43.313000
4314423;Picada Café;RS;-29.446400;-51.136700
1505635;Piçarra;PA;-6.437780;-48.871600
2208007;Picos;PI;-7.077210;-41.467000
2511400;Picuí;PB;-6.508450;-36.349700
3537800;Piedade;SP;-23.713900;-47.425600
3150158;Piedade de Caratinga;MG;-19.759300;-42.075600
3150208;Piedade de Ponte Nova;MG;-20.243800;-42.737900
3150307;Piedade do Rio Grande;MG;-21.469000;-44.193800
3150406;Piedade dos Gerais;MG;-20.471500;-44.224300
4119103;Piên;PR;-26.096500;-49.433600
2924405;Pilão Arcado;BA;-10.005100;-42.493600
2511509;Pilar;PB;-7.264030;-35.252300
2706901;Pilar;AL;-9.601350;-35.954300
5216908;Pilar de Goiás;GO;-14.760800;-49.578400
3537909;Pilar do Sul;SP;-23.807700;-47.722200
2410009;Pilões;RN;-6.263640;-38.046100
2511608;Pilões;PB;-6.868270;-35.613000
2511707;Pilõezinhos;PB;-6.842770;-35.531000
3150505;Pimenta;MG;-20.482700;-45.804900
1100189;Pimenta Bueno;RO;-11.672000;-61.198000
2208106;Pimenteiras;PI;-6.238390;-41.411300
1101468;Pimenteiras do Oeste;RO;-13.482300;-61.047100
2924504;Pindaí;BA;-14.492100;-42.686000
3538006;Pindamonhangaba;SP;-22.924600;-45.461300
2108504;Pindaré-Mirim;MA;-3.609850;-45.342000
2707008;Pindoba;AL;-9.473820;-36.291800
2924603;Pindobaçu;BA;-10.743300;-40.367500
3538105;Pindorama;SP;-21.185300;-48.908600
1717008;Pindorama do Tocantins;TO;-11.131100;-47.572600
2310852;Pindoretama;CE;-4.015840;-38.306100
3150539;Pingo-d'Água;MG;-19.728700;-42.409500
4119152;Pinhais;PR;-25.442900;-49.192700
4314456;Pinhal;RS;-27.508000;-53.208200
4314464;Pinhal da Serra;RS;-27.875100;-51.167300
4119251;Pinhal de São Bento;PR;-26.032400;-53.482000
4314472;Pinhal Grande;RS;-29.345000;-53.320600
4119202;Pinhalão;PR;-23.798200;-50.053600
3538204;Pinhalzinho;SP;-22.781100;-46.589700
4212908;Pinhalzinho;SC;-26.849500;-52.991300
2805208;Pinhão;SE;-10.567700;-37.724200
4119301;Pinhão;PR;-25.694400;-51.653600
3303955;Pinheiral;RJ;-22.517200;-44.002200
4314498;Pinheirinho do Vale;RS;-27.210900;-53.608000
2108603;Pinheiro;MA;-2.522240;-45.078800
4314506;Pinheiro Machado;RS;-31.579400;-53.379800
4213005;Pinheiro Preto;SC;-27.048300;-51.224300
3204104;Pinheiros;ES;-18.414100;-40.217100
2924652;Pintadas;BA;-11.811700;-39.900900
4314548;Pinto Bandeira;RS;-29.097500;-51.450300
3150570;Pintópolis;MG;-16.057200;-45.140200
2208205;Pio IX;PI;-6.830020;-40.608300
2108702;Pio XII;MA;-3.893150;-45.175900
3538303;Piquerobi;SP;-21.874700;-51.728200
2310902;Piquet Carneiro;CE;-5.800250;-39.417000
3538501;Piquete;SP;-22.606900;-45.186900
3538600;Piracaia;SP;-23.052500;-46.359400
5217104;Piracanjuba;GO;-17.302000;-49.017000
3150604;Piracema;MG;-20.508900;-44.478300
3538709;Piracicaba;SP;-22.733800;-47.647600
2208304;Piracuruca;PI;-3.933350;-41.708800
3304003;Piraí;RJ;-22.621500;-43.908100
2924678;Piraí do Norte;BA;-13.759000;-39.383600
4119400;Piraí do Sul;PR;-24.530600;-49.943300
3538808;Piraju;SP;-23.198100;-49.380300
3150703;Pirajuba;MG;-19.909200;-48.702700
3538907;Pirajuí;SP;-21.999000;-49.460800
2805307;Pirambu;SE;-10.721500;-36.854400
3150802;Piranga;MG;-20.683400;-43.296700
3539004;Pirangi;SP;-21.088600;-48.660700
3150901;Piranguçu;MG;-22.524900;-45.494500
3151008;Piranguinho;MG;-22.395000;-45.532400
2707107;Piranhas;AL;-9.624000;-37.757000
5217203;Piranhas;GO;-16.425800;-51.823500
2108801;Pirapemas;MA;-3.720410;-44.221600
3151107;Pirapetinga;MG;-21.655400;-42.343400
4314555;Pirapó;RS;-28.043900;-55.200100
3151206;Pirapora;MG;-17.339200;-44.934000
3539103;Pirapora do Bom Jesus;SP;-23.396500;-46.999100
3539202;Pirapozinho;SP;-22.271100;-51.497600
4119509;Piraquara;PR;-25.442200;-49.062400
1717206;Piraquê;TO;-6.773020;-48.295800
3539301;Pirassununga;SP;-21.996000;-47.425700
4314605;Piratini;RS;-31.447300;-53.097300
3539400;Piratininga;SP;-22.414200;-49.133900
4213104;Piratuba;SC;-27.424200;-51.766800
3151305;Piraúba;MG;-21.282500;-43.017200
5217302;Pirenópolis;GO;-15.850700;-48.958400
5217401;Pires do Rio;GO;-17.301900;-48.276800
2310951;Pires Ferreira;CE;-4.239220;-40.644200
2924702;Piripá;BA;-14.944400;-41.716800
2208403;Piripiri;PI;-4.271570;-41.771600
2924801;Piritiba;BA;-11.730000;-40.558700
2511806;Pirpirituba;PB;-6.779220;-35.490600
4119608;Pitanga;PR;-24.758800;-51.759600
3539509;Pitangueiras;SP;-21.013200;-48.221000
4119657;Pitangueiras;PR;-23.228100;-51.587300
3151404;Pitangui;MG;-19.674100;-44.896400
2511905;Pitimbu;PB;-7.466400;-34.815100
1717503;Pium;TO;-10.442000;-49.187600
3204203;Piúma;ES;-20.833400;-40.726800
3151503;Piumhi;MG;-20.476200;-45.958900
1505650;Placas;PA;-3.868130;-54.212400
1200385;Plácido de Castro;AC;-10.280600;-67.137100
5217609;Planaltina;GO;-15.452000;-47.608900
4119707;Planaltina do Paraná;PR;-23.010100;-52.916200
2924900;Planaltino;BA;-13.261800;-40.369500
2925006;Planalto;BA;-14.665400;-40.471800
4314704;Planalto;RS;-27.329700;-53.057500
3539608;Planalto;SP;-21.034200;-49.933000
4119806;Planalto;PR;-25.721100;-53.764200
4213153;Planalto Alegre;SC;-27.070400;-52.867000
5106455;Planalto da Serra;MT;-14.651800;-54.781900
3151602;Planura;MG;-20.137600;-48.700000
3539707;Platina;SP;-22.637100;-50.210400
3539806;Poá;SP;-23.533300;-46.347300
2611200;Poção;PE;-8.187260;-36.711100
2108900;Poção de Pedras;MA;-4.746260;-44.943200
2512002;Pocinhos;PB;-7.066580;-36.066800
2410108;Poço Branco;RN;-5.622330;-35.663500
2512036;Poço Dantas;PB;-6.398760;-38.490900
4314753;Poço das Antas;RS;-29.448100;-51.671900
2707206;Poço das Trincheiras;AL;-9.307420;-37.288900
2512077;Poço de José de Moura;PB;-6.564010;-38.511100
3151701;Poço Fundo;MG;-21.780000;-45.965800
2805406;Poço Redondo;SE;-9.806160;-37.683300
2805505;Poço Verde;SE;-10.715100;-38.181300
2925105;Poções;BA;-14.523400;-40.363400
5106505;Poconé;MT;-16.266000;-56.626100
3151800;Poços de Caldas;MG;-21.780000;-46.569200
3151909;Pocrane;MG;-19.620800;-41.633400
2925204;Pojuca;BA;-12.430300;-38.337400
3539905;Poloni;SP;-20.782900;-49.825800
2512101;Pombal;PB;-6.766060;-37.800300
2611309;Pombos;PE;-8.139820;-35.396700
4213203;Pomerode;SC;-26.738400;-49.178500
3540002;Pompéia;SP;-22.107000;-50.176000
3152006;Pompéu;MG;-19.225700;-45.014100
3540101;Pongaí;SP;-21.739600;-49.360400
1505700;Ponta de Pedras;PA;-1.395870;-48.866100
4119905;Ponta Grossa;PR;-25.091600;-50.166800
5006606;Ponta Porã;MS;-22.529600;-55.720300
3540200;Pontal;SP;-21.021600;-48.042300
5106653;Pontal do Araguaia;MT;-15.927400;-52.327300
4119954;Pontal do Paraná;PR;-25.673500;-48.511100
5217708;Pontalina;GO;-17.522500;-49.448900
3540259;Pontalinda;SP;-20.439600;-50.525800
4314779;Pontão;RS;-28.058500;-52.679100
4213302;Ponte Alta;SC;-27.483500;-50.376400
1717800;Ponte Alta do Bom Jesus;TO;-12.085300;-46.482500
4213351;Ponte Alta do Norte;SC;-27.159100;-50.465900
1717909;Ponte Alta do Tocantins;TO;-10.748100;-47.527600
5106703;Ponte Branca;MT;-16.758400;-52.836900
3152105;Ponte Nova;MG;-20.411100;-42.897800
4314787;Ponte Preta;RS;-27.658700;-52.484800
4213401;Ponte Serrada;SC;-26.873300;-52.011200
5106752;Pontes e Lacerda;MT;-15.221900;-59.343500
3540309;Pontes Gestal;SP;-20.172700;-49.706400
3204252;Ponto Belo;ES;-18.125300;-40.545800
3152131;Ponto Chique;MG;-16.628200;-45.058800
3152170;Ponto dos Volantes;MG;-16.747300;-41.502500
2925253;Ponto Novo;BA;-10.865300;-40.131100
3540408;Populina;SP;-19.945300;-50.538000
2311009;Poranga;CE;-4.746720;-40.920500
3540507;Porangaba;SP;-23.176100;-48.119500
5218003;Porangatu;GO;-13.439100;-49.150300
3304102;Porciúncula;RJ;-20.963200;-42.046500
4120002;Porecatu;PR;-22.753700;-51.379500
2410207;Portalegre;RN;-6.020640;-37.986500
4314803;Portão;RS;-29.701500;-51.242900
5218052;Porteirão;GO;-17.814300;-50.165300
2311108;Porteiras;CE;-7.522650;-39.114000
3152204;Porteirinha;MG;-15.740400;-43.028100
1505809;Portel;PA;-1.936390;-50.819400
5218102;Portelândia;GO;-17.355400;-52.679900
2208502;Porto;PI;-3.888150;-42.699800
1200807;Porto Acre;AC;-9.581380;-67.547800
4314902;Porto Alegre;RS;-30.031800;-51.206500
5106778;Porto Alegre do Norte;MT;-10.876100;-51.635700
2208551;Porto Alegre do Piauí;PI;-6.964230;-44.183700
1718006;Porto Alegre do Tocantins;TO;-11.618000;-47.062100
4120101;Porto Amazonas;PR;-25.540000;-49.894600
4120150;Porto Barreiro;PR;-25.547700;-52.406700
4213500;Porto Belo;SC;-27.158600;-48.546900
2707305;Porto Calvo;AL;-9.051950;-35.398700
2805604;Porto da Folha;SE;-9.916260;-37.284200
1505908;Porto de Moz;PA;-1.746910;-52.236100
2707404;Porto de Pedras;AL;-9.160060;-35.304900
2410256;Porto do Mangue;RN;-5.054410;-36.788700
5106802;Porto dos Gaúchos;MT;-11.533000;-57.413200
5106828;Porto Esperidião;MT;-15.857000;-58.461900
5106851;Porto Estrela;MT;-15.323500;-57.220400
3540606;Porto Feliz;SP;-23.209300;-47.525100
3540705;Porto Ferreira;SP;-21.849800;-47.487000
3152303;Porto Firme;MG;-20.664200;-43.083400
2109007;Porto Franco;MA;-6.341490;-47.396200
1600535;Porto Grande;AP;0.712430;-51.415500
4315008;Porto Lucena;RS;-27.856900;-55.010000
4315057;Porto Mauá;RS;-27.579600;-54.665700
5006903;Porto Murtinho;MS;-21.698100;-57.883600
1718204;Porto Nacional;TO;-10.702700;-48.408000
3304110;Porto Real;RJ;-22.417500;-44.295200
2707503;Porto Real do Colégio;AL;-10.184900;-36.837600
4120200;Porto Rico;PR;-22.774700;-53.267700
2109056;Porto Rico do Maranhão;MA;-1.859250;-44.584200
2925303;Porto Seguro;BA;-16.443500;-39.064300
4213609;Porto União;SC;-26.245100;-51.075900
1100205;Porto Velho;RO;-8.760770;-63.899900
4315073;Porto Vera Cruz;RS;-27.740500;-54.899400
4120309;Porto Vitória;PR;-26.167400;-51.231000
1200393;Porto Walter;AC;-8.263230;-72.753700
4315107;Porto Xavier;RS;-27.908200;-55.137900
5218300;Posse;GO;-14.085900;-46.370400
3152402;Poté;MG;-17.807700;-41.786000
2311207;Potengi;CE;-7.091540;-40.023300
3540754;Potim;SP;-22.834300;-45.255200
2925402;Potiraguá;BA;-15.594300;-39.863800
3540804;Potirendaba;SP;-21.042800;-49.381500
2311231;Potiretama;CE;-5.712870;-38.157800
3152501;Pouso Alegre;MG;-22.226600;-45.938900
3152600;Pouso Alto;MG;-22.196400;-44.974800
4315131;Pouso Novo;RS;-29.173800;-52.213600
4213708;Pouso Redondo;SC;-27.256700;-49.930100
5107008;Poxoréu;MT;-15.829900;-54.420800
3540853;Pracinha;SP;-21.849600;-51.086800
1600550;Pracuúba;AP;1.745430;-50.789200
2925501;Prado;BA;-17.336400;-39.222700
4120333;Prado Ferreira;PR;-23.035700;-51.442900
3540903;Pradópolis;SP;-21.362600;-48.067900
3152709;Prados;MG;-21.059700;-44.077800
3541000;Praia Grande;SP;-24.008400;-46.412100
4213807;Praia Grande;SC;-29.191800;-49.952500
1718303;Praia Norte;TO;-5.392810;-47.811100
1506005;Prainha;PA;-1.798000;-53.477900
4120358;Pranchita;PR;-26.020900;-53.739700
3152808;Prata;MG;-19.308600;-48.927600
2512200;Prata;PB;-7.688260;-37.080100
2208601;Prata do Piauí;PI;-5.672650;-42.204600
3541059;Pratânia;SP;-22.811200;-48.663600
3152907;Pratápolis;MG;-20.741100;-46.862400
3153004;Pratinha;MG;-19.739000;-46.375500
3541109;Presidente Alves;SP;-22.099900;-49.438100
3541208;Presidente Bernardes;SP;-22.008200;-51.556500
3153103;Presidente Bernardes;MG;-20.765600;-43.189500
4213906;Presidente Castello Branco;SC;-27.221800;-51.808900
4120408;Presidente Castelo Branco;PR;-23.278200;-52.153600
2925600;Presidente Dutra;BA;-11.292300;-41.984300
2109106;Presidente Dutra;MA;-5.289800;-44.495000
3541307;Presidente Epitácio;SP;-21.765100;-52.111100
1303536;Presidente Figueiredo;AM;-2.029810;-60.023400
4214003;Presidente Getúlio;SC;-27.047400;-49.624600
2925709;Presidente Jânio Quadros;BA;-14.688500;-41.679800
3153202;Presidente Juscelino;MG;-18.640100;-44.060000
2109205;Presidente Juscelino;MA;-2.918720;-44.071500
1718402;Presidente Kennedy;TO;-8.540600;-48.506200
3204302;Presidente Kennedy;ES;-21.096400;-41.046800
3153301;Presidente Kubitschek;MG;-18.619300;-43.562800
4315149;Presidente Lucena;RS;-29.517500;-51.179800
1100254;Presidente Médici;RO;-11.169000;-61.898600
2109239;Presidente Médici;MA;-2.389910;-45.820000
4214102;Presidente Nereu;SC;-27.276800;-49.388900
3153400;Presidente Olegário;MG;-18.409600;-46.416500
3541406;Presidente Prudente;SP;-22.120700;-51.392500
2109270;Presidente Sarney;MA;-2.587990;-45.359500
2925758;Presidente Tancredo Neves;BA;-13.447100;-39.420300
2109304;Presidente Vargas;MA;-3.407870;-44.023400
3541505;Presidente Venceslau;SP;-21.873200;-51.844700
2611408;Primavera;PE;-8.329990;-35.354400
1506104;Primavera;PA;-0.945439;-47.125300
1101476;Primavera de Rondônia;RO;-11.829500;-61.315300
5107040;Primavera do Leste;MT;-15.544000;-54.281100
2109403;Primeira Cruz;MA;-2.505680;-43.423200
4120507;Primeiro de Maio;PR;-22.851700;-51.029300
4214151;Princesa;SC;-26.444100;-53.599400
2512309;Princesa Isabel;PB;-7.731750;-37.988600
5218391;Professor Jamil;GO;-17.249700;-49.244000
4315156;Progresso;RS;-29.244100;-52.319700
3541604;Promissão;SP;-21.535600;-49.859900
2805703;Propriá;SE;-10.213800;-36.844200
4315172;Protásio Alves;RS;-28.757200;-51.475700
3153608;Prudente de Morais;MG;-19.474200;-44.159100
4120606;Prudentópolis;PR;-25.211100;-50.975400
1718451;Pugmil;TO;-10.424000;-48.895700
2410405;Pureza;RN;-5.463930;-35.555400
4315206;Putinga;RS;-29.004500;-52.156900
2512408;Puxinanã;PB;-7.154790;-35.954300
3541653;Quadra;SP;-23.299300;-48.054700
4315305;Quaraí;RS;-30.384000;-56.448300
3153707;Quartel Geral;MG;-19.270300;-45.556900
4120655;Quarto Centenário;PR;-24.277500;-53.075900
3541703;Quatá;SP;-22.245600;-50.696600
4120705;Quatiguá;PR;-23.567100;-49.916000
1506112;Quatipuru;PA;-0.899604;-47.013400
3304128;Quatis;RJ;-22.404500;-44.259700
4120804;Quatro Barras;PR;-25.367300;-49.076300
4315313;Quatro Irmãos;RS;-27.825700;-52.442400
4120853;Quatro Pontes;PR;-24.575200;-53.975900
2707602;Quebrangulo;AL;-9.320010;-36.469200
4120903;Quedas do Iguaçu;PR;-25.449200;-52.910200
2208650;Queimada Nova;PI;-8.570640;-41.410600
2512507;Queimadas;PB;-7.350290;-35.903100
2925808;Queimadas;BA;-10.973600;-39.629300
3304144;Queimados;RJ;-22.710200;-43.551800
3541802;Queiroz;SP;-21.796900;-50.241500
3541901;Queluz;SP;-22.531200;-44.778100
3153806;Queluzito;MG;-20.741600;-43.885100
5107065;Querência;MT;-12.609300;-52.182100
4121000;Querência do Norte;PR;-23.083800;-53.483000
4315321;Quevedos;RS;-29.350400;-54.078900
2925907;Quijingue;BA;-10.750500;-39.213700
4214201;Quilombo;SC;-26.726400;-52.724000
4121109;Quinta do Sol;PR;-23.853300;-52.130900
3542008;Quintana;SP;-22.069200;-50.307000
4315354;Quinze de Novembro;RS;-28.746600;-53.101100
2611507;Quipapá;PE;-8.811750;-36.013700
5218508;Quirinópolis;GO;-18.447200;-50.454700
3304151;Quissamã;RJ;-22.103100;-41.469300
4121208;Quitandinha;PR;-25.873400;-49.497300
2311264;Quiterianópolis;CE;-5.842500;-40.700200
2512606;Quixabá;PB;-7.022400;-37.145800
2611533;Quixaba;PE;-7.707340;-37.844600
2925931;Quixabeira;BA;-11.403100;-40.120000
2311306;Quixadá;CE;-4.966300;-39.015500
2311355;Quixelô;CE;-6.246370;-39.201100
2311405;Quixeramobim;CE;-5.190670;-39.288900
2311504;Quixeré;CE;-5.071480;-37.980200
2410504;Rafael Fernandes;RN;-6.189870;-38.221100
2410603;Rafael Godeiro;RN;-6.072440;-37.716000
2925956;Rafael Jambeiro;BA;-12.405300;-39.500700
3542107;Rafard;SP;-23.010500;-47.531800
4121257;Ramilândia;PR;-25.119500;-54.023000
3542206;Rancharia;SP;-22.226900;-50.893000
4121307;Rancho Alegre;PR;-23.067600;-50.914500
4121356;Rancho Alegre D'Oeste;PR;-24.306500;-52.955200
4214300;Rancho Queimado;SC;-27.672700;-49.019100
2109452;Raposa;MA;-2.425400;-44.097300
3153905;Raposos;MG;-19.963600;-43.807900
3154002;Raul Soares;MG;-20.106100;-42.450200
4121406;Realeza;PR;-25.771100;-53.526000
4121505;Rebouças;PR;-25.623200;-50.687700
2611606;Recife;PE;-8.046660;-34.877100
3154101;Recreio;MG;-21.528900;-42.467600
1718501;Recursolândia;TO;-8.722700;-47.242100
1506138;Redenção;PA;-8.025290;-50.031700
2311603;Redenção;CE;-4.215870;-38.727700
3542305;Redenção da Serra;SP;-23.263800;-45.542200
2208700;Redenção do Gurguéia;PI;-9.479370;-44.581100
4315404;Redentora;RS;-27.664000;-53.640700
3154150;Reduto;MG;-20.240100;-41.984800
2208809;Regeneração;PI;-6.231150;-42.684200
3542404;Regente Feijó;SP;-22.218100;-51.305500
3542503;Reginópolis;SP;-21.891400;-49.226800
3542602;Registro;SP;-24.497900;-47.844900
4315453;Relvado;RS;-29.116400;-52.077800
2926004;Remanso;BA;-9.619440;-42.084800
2512705;Remígio;PB;-6.949920;-35.801100
4121604;Renascença;PR;-26.158800;-52.970300
2311702;Reriutaba;CE;-4.141910;-40.575900
3304201;Resende;RJ;-22.470500;-44.450900
3154200;Resende Costa;MG;-20.917100;-44.240700
4121703;Reserva;PR;-24.649200;-50.846600
5107156;Reserva do Cabaçal;MT;-15.074300;-58.458500
4121752;Reserva do Iguaçu;PR;-25.831900;-52.027200
3154309;Resplendor;MG;-19.319400;-41.246200
3154408;Ressaquinha;MG;-21.064200;-43.759800
3542701;Restinga;SP;-20.605600;-47.483300
4315503;Restinga Sêca;RS;-29.818800;-53.380700
2926103;Retirolândia;BA;-11.483200;-39.423400
2512747;Riachão;PB;-6.542690;-35.661000
2109502;Riachão;MA;-7.358190;-46.622500
2926202;Riachão das Neves;BA;-11.750800;-44.914300
2512754;Riachão do Bacamarte;PB;-7.253470;-35.669300
2805802;Riachão do Dantas;SE;-11.072900;-37.731000
2926301;Riachão do Jacuípe;BA;-11.806700;-39.381800
2512762;Riachão do Poço;PB;-7.141730;-35.291400
1718550;Riachinho;TO;-6.440050;-48.137100
3154457;Riachinho;MG;-16.225800;-45.988800
2410702;Riacho da Cruz;RN;-5.926540;-37.949000
2611705;Riacho das Almas;PE;-8.137420;-35.864800
2410801;Riacho de Santana;RN;-6.251390;-38.311600
2926400;Riacho de Santana;BA;-13.605900;-42.939700
2512788;Riacho de Santo Antônio;PB;-7.680230;-36.157000
2512804;Riacho dos Cavalos;PB;-6.440670;-37.648300
3154507;Riacho dos Machados;MG;-16.009100;-43.048800
2208858;Riacho Frio;PI;-10.124400;-44.950300
2410900;Riachuelo;RN;-5.821560;-35.821500
2805901;Riachuelo;SE;-10.735000;-37.196600
5218607;Rialma;GO;-15.314500;-49.581400
5218706;Rianápolis;GO;-15.445600;-49.511400
2109551;Ribamar Fiquene;MA;-5.930670;-47.388800
5007109;Ribas do Rio Pardo;MS;-20.444500;-53.758800
3542800;Ribeira;SP;-24.651700;-49.004400
2926509;Ribeira do Amparo;BA;-11.042100;-38.424200
2208874;Ribeira do Piauí;PI;-7.690280;-42.712800
2926608;Ribeira do Pombal;BA;-10.837300;-38.538200
2611804;Ribeirão;PE;-8.509570;-35.369800
3542909;Ribeirão Bonito;SP;-22.068500;-48.182000
3543006;Ribeirão Branco;SP;-24.220600;-48.763500
5107180;Ribeirão Cascalheira;MT;-12.936700;-51.824400
4121802;Ribeirão Claro;PR;-23.194100;-49.759700
3543105;Ribeirão Corrente;SP;-20.457900;-47.590400
3154606;Ribeirão das Neves;MG;-19.762100;-44.084400
2926657;Ribeirão do Largo;BA;-15.450800;-40.744100
4121901;Ribeirão do Pinhal;PR;-23.409100;-50.360100
3543204;Ribeirão do Sul;SP;-22.789000;-49.933000
3543238;Ribeirão dos Índios;SP;-21.838200;-51.610300
3543253;Ribeirão Grande;SP;-24.101100;-48.367900
3543303;Ribeirão Pires;SP;-23.706700;-46.405800
3543402;Ribeirão Preto;SP;-21.169900;-47.809900
3154705;Ribeirão Vermelho;MG;-21.187900;-45.063700
5107198;Ribeirãozinho;MT;-16.485600;-52.692400
2208908;Ribeiro Gonçalves;PI;-7.556510;-45.244700
2806008;Ribeirópolis;SE;-10.535700;-37.438000
3543600;Rifaina;SP;-20.080300;-47.429100
3543709;Rincão;SP;-21.589400;-48.072800
3543808;Rinópolis;SP;-21.728400;-50.723900
3154804;Rio Acima;MG;-20.087600;-43.787800
4122008;Rio Azul;PR;-25.730600;-50.798500
3204351;Rio Bananal;ES;-19.271900;-40.336600
4122107;Rio Bom;PR;-23.760600;-51.412200
3304300;Rio Bonito;RJ;-22.718100;-42.627600
4122156;Rio Bonito do Iguaçu;PR;-25.487400;-52.529200
5107206;Rio Branco;MT;-15.248300;-58.125900
1200401;Rio Branco;AC;-9.974990;-67.824300
4122172;Rio Branco do Ivaí;PR;-24.324400;-51.318700
4122206;Rio Branco do Sul;PR;-25.189200;-49.311500
5007208;Rio Brilhante;MS;-21.803300;-54.542700
3154903;Rio Casca;MG;-20.228500;-42.646200
3304409;Rio Claro;RJ;-22.720000;-44.141900
3543907;Rio Claro;SP;-22.398400;-47.554600
1100262;Rio Crespo;RO;-9.699650;-62.901100
1718659;Rio da Conceição;TO;-11.394900;-46.884700
4214409;Rio das Antas;SC;-26.894600;-51.067400
3304508;Rio das Flores;RJ;-22.169200;-43.585600
3304524;Rio das Ostras;RJ;-22.517400;-41.947500
3544004;Rio das Pedras;SP;-22.841700;-47.604700
2926707;Rio de Contas;BA;-13.585200;-41.804800
3304557;Rio de Janeiro;RJ;-22.912900;-43.200300
2926806;Rio do Antônio;BA;-14.407100;-42.072100
4214508;Rio do Campo;SC;-26.945200;-50.136000
2408953;Rio do Fogo;RN;-5.276500;-35.379400
4214607;Rio do Oeste;SC;-27.195200;-49.798900
2926905;Rio do Pires;BA;-13.118500;-42.290200
3155108;Rio do Prado;MG;-16.605600;-40.571400
4214805;Rio do Sul;SC;-27.215600;-49.643000
3155009;Rio Doce;MG;-20.241200;-42.899500
1718709;Rio dos Bois;TO;-9.344250;-48.524500
4214706;Rio dos Cedros;SC;-26.739800;-49.271800
4315552;Rio dos Índios;RS;-27.297300;-52.841700
3155207;Rio Espera;MG;-20.855000;-43.472100
2611903;Rio Formoso;PE;-8.659200;-35.153200
4214904;Rio Fortuna;SC;-28.124400;-49.106800
4315602;Rio Grande;RS;-32.034900;-52.107100
3544103;Rio Grande da Serra;SP;-23.743700;-46.397100
2209005;Rio Grande do Piauí;PI;-7.780290;-43.136900
2707701;Rio Largo;AL;-9.477830;-35.839400
3155306;Rio Manso;MG;-20.266600;-44.306900
1506161;Rio Maria;PA;-7.312360;-50.037900
4215000;Rio Negrinho;SC;-26.259100;-49.517700
5007307;Rio Negro;MS;-19.447000;-54.985900
4122305;Rio Negro;PR;-26.095000;-49.798200
3155405;Rio Novo;MG;-21.464900;-43.116800
3204401;Rio Novo do Sul;ES;-20.855600;-40.938800
3155504;Rio Paranaíba;MG;-19.186100;-46.245500
4315701;Rio Pardo;RS;-29.988000;-52.371100
3155603;Rio Pardo de Minas;MG;-15.616000;-42.540500
3155702;Rio Piracicaba;MG;-19.928400;-43.182900
3155801;Rio Pomba;MG;-21.271200;-43.169600
3155900;Rio Preto;MG;-22.086100;-43.829300
1303569;Rio Preto da Eva;AM;-2.704500;-59.685800
5218789;Rio Quente;GO;-17.774000;-48.772500
2927002;Rio Real;BA;-11.481400;-37.933200
4215059;Rio Rufino;SC;-27.859200;-49.775400
1718758;Rio Sono;TO;-9.350020;-47.888000
2512903;Rio Tinto;PB;-6.803830;-35.077600
5218805;Rio Verde;GO;-17.792300;-50.919200
5007406;Rio Verde de Mato Grosso;MS;-18.924900;-54.843400
3156007;Rio Vermelho;MG;-18.292200;-43.001800
3544202;Riolândia;SP;-19.986800;-49.683600
4315750;Riozinho;RS;-29.639000;-50.448800
4215075;Riqueza;SC;-27.065300;-53.326500
3156106;Ritápolis;MG;-21.027600;-44.320400
3543501;Riversul;SP;-23.829000;-49.429000
4315800;Roca Sales;RS;-29.288400;-51.865800
5007505;Rochedo;MS;-19.956500;-54.884800
3156205;Rochedo de Minas;MG;-21.628400;-43.016500
4215109;Rodeio;SC;-26.924300;-49.364900
4315909;Rodeio Bonito;RS;-27.474200;-53.170600
3156304;Rodeiro;MG;-21.203500;-42.858600
2927101;Rodelas;BA;-8.850210;-38.780000
2411007;Rodolfo Fernandes;RN;-5.783930;-38.057900
1200427;Rodrigues Alves;AC;-7.738640;-72.661000
4315958;Rolador;RS;-28.256600;-54.818600
4122404;Rolândia;PR;-23.310100;-51.365900
4316006;Rolante;RS;-29.646200;-50.581900
1100288;Rolim de Moura;RO;-11.727100;-61.771400
3156403;Romaria;MG;-18.883800;-47.578200
4215208;Romelândia;SC;-26.680900;-53.317200
4122503;Roncador;PR;-24.595800;-52.271600
4316105;Ronda Alta;RS;-27.775800;-52.805600
4316204;Rondinha;RS;-27.831500;-52.908100
5107578;Rondolândia;MT;-10.837600;-61.469700
4122602;Rondon;PR;-23.412000;-52.765900
1506187;Rondon do Pará;PA;-4.777930;-48.067000
5107602;Rondonópolis;MT;-16.467300;-54.637200
4316303;Roque Gonzales;RS;-28.129700;-55.026600
1400472;Rorainópolis;RR;0.939956;-60.438900
3544251;Rosana;SP;-22.578200;-53.060300
2109601;Rosário;MA;-2.934440;-44.253100
3156452;Rosário da Limeira;MG;-20.981200;-42.511200
2806107;Rosário do Catete;SE;-10.690400;-37.035700
4122651;Rosário do Ivaí;PR;-24.268200;-51.272000
4316402;Rosário do Sul;RS;-30.251500;-54.922100
5107701;Rosário Oeste;MT;-14.825900;-56.423600
3544301;Roseira;SP;-22.893800;-45.307000
2707800;Roteiro;AL;-9.835030;-35.978200
3156502;Rubelita;MG;-16.405300;-42.261000
3544400;Rubiácea;SP;-21.300600;-50.729600
5218904;Rubiataba;GO;-15.161700;-49.804800
3156601;Rubim;MG;-16.377500;-40.539700
3544509;Rubinéia;SP;-20.175900;-51.007000
1506195;Rurópolis;PA;-4.100280;-54.909200
2311801;Russas;CE;-4.926730;-37.972100
2411106;Ruy Barbosa;RN;-5.887450;-35.933000
2927200;Ruy Barbosa;BA;-12.281600;-40.493100
3156700;Sabará;MG;-19.884000;-43.826300
4122701;Sabáudia;PR;-23.315500;-51.555000
3544608;Sabino;SP;-21.459300;-49.575500
3156809;Sabinópolis;MG;-18.665300;-43.075200
2311900;Saboeiro;CE;-6.534600;-39.901700
3156908;Sacramento;MG;-19.862200;-47.450800
4316428;Sagrada Família;RS;-27.708500;-53.135100
3544707;Sagres;SP;-21.882300;-50.959400
2612000;Sairé;PE;-8.328640;-35.696700
4316436;Saldanha Marinho;RS;-28.394100;-53.097000
3544806;Sales;SP;-21.342700;-49.489700
3544905;Sales Oliveira;SP;-20.769600;-47.836900
3545001;Salesópolis;SP;-23.528800;-45.846500
4215307;Salete;SC;-26.979800;-49.998800
2513000;Salgadinho;PB;-7.100980;-36.845800
2612109;Salgadinho;PE;-7.926900;-35.650300
2806206;Salgado;SE;-11.028800;-37.480400
2513109;Salgado de São Félix;PB;-7.353370;-35.430500
4122800;Salgado Filho;PR;-26.177700;-53.363100
2612208;Salgueiro;PE;-8.073730;-39.124700
3157005;Salinas;MG;-16.175300;-42.296400
2927309;Salinas da Margarida;BA;-12.873000;-38.756200
1506203;Salinópolis;PA;-0.630815;-47.346500
2311959;Salitre;CE;-7.283980;-40.450000
3545100;Salmourão;SP;-21.626700;-50.861400
2612307;Saloá;PE;-8.972300;-36.691000
4215356;Saltinho;SC;-26.604900;-53.057800
3545159;Saltinho;SP;-22.844200;-47.675400
3545209;Salto;SP;-23.199600;-47.293100
3157104;Salto da Divisa;MG;-16.006300;-39.939100
3545308;Salto de Pirapora;SP;-23.647400;-47.574300
5107750;Salto do Céu;MT;-15.130300;-58.131700
4122909;Salto do Itararé;PR;-23.607400;-49.635400
4316451;Salto do Jacuí;RS;-29.095100;-53.213300
4123006;Salto do Lontra;PR;-25.781300;-53.313500
3545407;Salto Grande;SP;-22.889400;-49.983100
4215406;Salto Veloso;SC;-26.903000;-51.404300
2927408;Salvador;BA;-12.971800;-38.501100
4316477;Salvador das Missões;RS;-28.123300;-54.837300
4316501;Salvador do Sul;RS;-29.438600;-51.507700
1506302;Salvaterra;PA;-0.758444;-48.513900
2109700;Sambaíba;MA;-7.134470;-45.351500
1718808;Sampaio;TO;-5.354230;-47.878200
4316600;Sananduva;RS;-27.947000;-51.807900
5219001;Sanclerlândia;GO;-16.197000;-50.312400
1718840;Sandolândia;TO;-12.538000;-49.924200
3545506;Sandovalina;SP;-22.455100;-51.764800
4215455;Sangão;SC;-28.632600;-49.132200
2612406;Sanharó;PE;-8.360970;-36.569600
4317103;Sant'Ana do Livramento;RS;-30.877300;-55.539200
3545605;Santa Adélia;SP;-21.242700;-48.806300
3545704;Santa Albertina;SP;-20.031100;-50.729700
4123105;Santa Amélia;PR;-23.265400;-50.428800
2927507;Santa Bárbara;BA;-11.951500;-38.968100
3157203;Santa Bárbara;MG;-19.960400;-43.410100
3545803;Santa Bárbara d'Oeste;SP;-22.755300;-47.414300
5219100;Santa Bárbara de Goiás;GO;-16.571400;-49.695400
3157252;Santa Bárbara do Leste;MG;-19.975300;-42.145700
3157278;Santa Bárbara do Monte Verde;MG;-21.959200;-43.702700
1506351;Santa Bárbara do Pará;PA;-1.192190;-48.238000
4316709;Santa Bárbara do Sul;RS;-28.365300;-53.251000
3157302;Santa Bárbara do Tugúrio;MG;-21.243100;-43.560700
3546009;Santa Branca;SP;-23.393300;-45.887500
2927606;Santa Brígida;BA;-9.732270;-38.120900
5107248;Santa Carmem;MT;-11.912500;-55.226300
4215505;Santa Cecília;SC;-26.959200;-50.425200
2513158;Santa Cecília;PB;-7.738900;-35.876400
4123204;Santa Cecília do Pavão;PR;-23.520100;-50.783500
4316733;Santa Cecília do Sul;RS;-28.160900;-51.927900
3546108;Santa Clara d'Oeste;SP;-20.090000;-50.949100
4316758;Santa Clara do Sul;RS;-29.474700;-52.084300
2411205;Santa Cruz;RN;-6.224750;-36.019300
2513208;Santa Cruz;PB;-6.523700;-38.061700
2612455;Santa Cruz;PE;-8.241530;-40.343400
2927705;Santa Cruz Cabrália;BA;-16.282500;-39.029500
2612471;Santa Cruz da Baixa Verde;PE;-7.813390;-38.147600
3546207;Santa Cruz da Conceição;SP;-22.140500;-47.451200
3546256;Santa Cruz da Esperança;SP;-21.295100;-47.430400
2927804;Santa Cruz da Vitória;BA;-14.964000;-39.811500
3546306;Santa Cruz das Palmeiras;SP;-21.823500;-47.248000
5219209;Santa Cruz de Goiás;GO;-17.315500;-48.480900
3157336;Santa Cruz de Minas;MG;-21.124100;-44.220200
4123303;Santa Cruz de Monte Castelo;PR;-22.958200;-53.294900
3157377;Santa Cruz de Salinas;MG;-16.096700;-41.741800
1506401;Santa Cruz do Arari;PA;-0.661019;-49.177100
2612505;Santa Cruz do Capibaribe;PE;-7.948020;-36.206100
3157401;Santa Cruz do Escalvado;MG;-20.237200;-42.816900
2209104;Santa Cruz do Piauí;PI;-7.178500;-41.760900
3546405;Santa Cruz do Rio Pardo;SP;-22.898800;-49.635400
4316808;Santa Cruz do Sul;RS;-29.722000;-52.434300
5107743;Santa Cruz do Xingu;MT;-10.153200;-52.395300
2209153;Santa Cruz dos Milagres;PI;-5.805810;-41.950600
3157500;Santa Efigênia de Minas;MG;-18.823500;-42.438800
3546504;Santa Ernestina;SP;-21.461800;-48.395300
4123402;Santa Fé;PR;-23.040000;-51.808000
5219258;Santa Fé de Goiás;GO;-15.766400;-51.103700
3157609;Santa Fé de Minas;MG;-16.685900;-45.410200
1718865;Santa Fé do Araguaia;TO;-7.158030;-48.716500
3546603;Santa Fé do Sul;SP;-20.208300;-50.932000
2209203;Santa Filomena;PI;-9.112280;-45.911600
2612554;Santa Filomena;PE;-8.166880;-40.607900
2109759;Santa Filomena do Maranhão;MA;-5.496710;-44.563800
3546702;Santa Gertrudes;SP;-22.457200;-47.527200
4123501;Santa Helena;PR;-24.858500;-54.336000
4215554;Santa Helena;SC;-26.937000;-53.621400
2109809;Santa Helena;MA;-2.244260;-45.290000
2513307;Santa Helena;PB;-6.717600;-38.642700
5219308;Santa Helena de Goiás;GO;-17.811500;-50.597700
3157658;Santa Helena de Minas;MG;-16.970700;-40.672700
2927903;Santa Inês;BA;-13.279300;-39.814000
4123600;Santa Inês;PR;-22.637600;-51.902400
2513356;Santa Inês;PB;-7.621000;-38.554000
2109908;Santa Inês;MA;-3.651120;-45.377400
3546801;Santa Isabel;SP;-23.317200;-46.223700
5219357;Santa Isabel;GO;-15.295800;-49.425900
4123709;Santa Isabel do Ivaí;PR;-23.002500;-53.198900
1303601;Santa Isabel do Rio Negro;AM;-0.410824;-65.009200
4123808;Santa Izabel do Oeste;PR;-25.821700;-53.480100
1506500;Santa Izabel do Pará;PA;-1.296860;-48.160600
3157708;Santa Juliana;MG;-19.310800;-47.532200
3204500;Santa Leopoldina;ES;-20.099900;-40.527000
3546900;Santa Lúcia;SP;-21.685000;-48.088500
4123824;Santa Lúcia;PR;-25.410400;-53.563800
2209302;Santa Luz;PI;-8.948800;-44.129600
2110005;Santa Luzia;MA;-4.068730;-45.690000
2928059;Santa Luzia;BA;-15.434200;-39.328700
3157807;Santa Luzia;MG;-19.754800;-43.849700
2513406;Santa Luzia;PB;-6.860920;-36.917800
1100296;Santa Luzia D'Oeste;RO;-11.907400;-61.777700
2806305;Santa Luzia do Itanhy;SE;-11.353600;-37.458600
2707909;Santa Luzia do Norte;AL;-9.603700;-35.823200
1506559;Santa Luzia do Pará;PA;-1.521470;-46.900800
2110039;Santa Luzia do Paruá;MA;-2.511230;-45.780100
3157906;Santa Margarida;MG;-20.383900;-42.251900
4316972;Santa Margarida do Sul;RS;-30.339300;-54.081700
4316907;Santa Maria;RS;-29.686800;-53.814900
2409332;Santa Maria;RN;-5.838020;-35.691400
2612604;Santa Maria da Boa Vista;PE;-8.797660;-39.824100
3547007;Santa Maria da Serra;SP;-22.566100;-48.159300
2928109;Santa Maria da Vitória;BA;-13.385900;-44.201100
1506583;Santa Maria das Barreiras;PA;-8.857840;-49.721500
3158003;Santa Maria de Itabira;MG;-19.443100;-43.106400
3204559;Santa Maria de Jetibá;ES;-20.025300;-40.743900
2612703;Santa Maria do Cambucá;PE;-7.836760;-35.894100
4316956;Santa Maria do Herval;RS;-29.490200;-50.991900
4123857;Santa Maria do Oeste;PR;-24.937700;-51.869600
1506609;Santa Maria do Pará;PA;-1.353920;-47.571200
3158102;Santa Maria do Salto;MG;-16.247900;-40.151200
3158201;Santa Maria do Suaçuí;MG;-18.189600;-42.413900
1718881;Santa Maria do Tocantins;TO;-8.804600;-47.788700
3304607;Santa Maria Madalena;RJ;-21.954700;-42.009800
4123907;Santa Mariana;PR;-23.146500;-50.516700
3547106;Santa Mercedes;SP;-21.349500;-51.756400
4123956;Santa Mônica;PR;-23.108000;-53.110300
2312205;Santa Quitéria;CE;-4.326080;-40.152300
2110104;Santa Quitéria do Maranhão;MA;-3.493080;-42.568800
2110203;Santa Rita;MA;-3.142410;-44.321100
2513703;Santa Rita;PB;-7.117240;-34.975300
3547403;Santa Rita d'Oeste;SP;-20.141400;-50.835800
3159209;Santa Rita de Caldas;MG;-22.029200;-46.338500
2928406;Santa Rita de Cássia;BA;-11.006300;-44.525500
3159407;Santa Rita de Ibitipoca;MG;-21.565800;-43.916300
3159308;Santa Rita de Jacutinga;MG;-22.147400;-44.097700
3159357;Santa Rita de Minas;MG;-19.876000;-42.136300
5219407;Santa Rita do Araguaia;GO;-17.326900;-53.201200
3159506;Santa Rita do Itueto;MG;-19.357600;-41.382100
5219456;Santa Rita do Novo Destino;GO;-15.135100;-49.120300
5007554;Santa Rita do Pardo;MS;-21.301600;-52.833300
3547502;Santa Rita do Passa Quatro;SP;-21.708300;-47.478000
3159605;Santa Rita do Sapucaí;MG;-22.246100;-45.703400
1718899;Santa Rita do Tocantins;TO;-10.861700;-48.916100
5107768;Santa Rita do Trivelato;MT;-13.814600;-55.270600
4317202;Santa Rosa;RS;-27.870200;-54.479600
3159704;Santa Rosa da Serra;MG;-19.518600;-45.961100
5219506;Santa Rosa de Goiás;GO;-16.084000;-49.495300
4215604;Santa Rosa de Lima;SC;-28.033100;-49.133000
2806503;Santa Rosa de Lima;SE;-10.643400;-37.193100
3547601;Santa Rosa de Viterbo;SP;-21.477600;-47.362200
2209377;Santa Rosa do Piauí;PI;-6.795810;-42.281400
1200435;Santa Rosa do Purus;AC;-9.446520;-70.490200
4215653;Santa Rosa do Sul;SC;-29.131300;-49.710900
1718907;Santa Rosa do Tocantins;TO;-11.447400;-48.121600
3547650;Santa Salete;SP;-20.242900;-50.688700
3204609;Santa Teresa;ES;-19.936300;-40.597900
2928505;Santa Teresinha;BA;-12.769700;-39.521500
2513802;Santa Teresinha;PB;-7.079640;-37.443500
4317251;Santa Tereza;RS;-29.165500;-51.735100
5219605;Santa Tereza de Goiás;GO;-13.713800;-49.014400
4124020;Santa Tereza do Oeste;PR;-25.054300;-53.627400
1719004;Santa Tereza do Tocantins;TO;-10.274600;-47.803300
4215679;Santa Terezinha;SC;-26.781300;-50.009000
5107776;Santa Terezinha;MT;-10.470400;-50.514000
2612802;Santa Terezinha;PE;-7.376960;-37.478700
5219704;Santa Terezinha de Goiás;GO;-14.432600;-49.709100
4124053;Santa Terezinha de Itaipu;PR;-25.439100;-54.402000
4215687;Santa Terezinha do Progresso;SC;-26.624000;-53.199700
1720002;Santa Terezinha do Tocantins;TO;-6.444380;-47.668400
3159803;Santa Vitória;MG;-18.841400;-50.120800
4317301;Santa Vitória do Palmar;RS;-33.525000;-53.371700
2928000;Santaluz;BA;-11.250800;-39.375000
2928208;Santana;BA;-12.979200;-44.050600
1600600;Santana;AP;-0.045434;-51.172900
4317004;Santana da Boa Vista;RS;-30.869700;-53.110000
3547205;Santana da Ponte Pensa;SP;-20.252300;-50.801400
3158300;Santana da Vargem;MG;-21.244900;-45.500500
3158409;Santana de Cataguases;MG;-21.289300;-42.552400
2513505;Santana de Mangueira;PB;-7.547050;-38.323600
3547304;Santana de Parnaíba;SP;-23.443900;-46.917800
3158508;Santana de Pirapama;MG;-18.996200;-44.040900
2312007;Santana do Acaraú;CE;-3.461440;-40.211800
1506708;Santana do Araguaia;PA;-9.328100;-50.350000
2312106;Santana do Cariri;CE;-7.176130;-39.730200
3158607;Santana do Deserto;MG;-21.951200;-43.158300
3158706;Santana do Garambéu;MG;-21.598300;-44.105000
2708006;Santana do Ipanema;AL;-9.369990;-37.248000
4124004;Santana do Itararé;PR;-23.758700;-49.629300
3158805;Santana do Jacaré;MG;-20.900700;-45.128500
3158904;Santana do Manhuaçu;MG;-20.103100;-41.927800
2110237;Santana do Maranhão;MA;-3.109000;-42.406400
2411403;Santana do Matos;RN;-5.946050;-36.657800
2708105;Santana do Mundaú;AL;-9.171410;-36.217600
3158953;Santana do Paraíso;MG;-19.366100;-42.544600
2209351;Santana do Piauí;PI;-6.946960;-41.517800
3159001;Santana do Riacho;MG;-19.166200;-43.722000
2806404;Santana do São Francisco;SE;-10.292200;-36.610500
2411429;Santana do Seridó;RN;-6.766430;-36.731200
2513604;Santana dos Garrotes;PB;-7.381620;-37.981900
3159100;Santana dos Montes;MG;-20.786800;-43.694900
2928307;Santanópolis;BA;-12.031100;-38.869400
1506807;Santarém;PA;-2.438490;-54.699600
1506906;Santarém Novo;PA;-0.930970;-47.385500
4317400;Santiago;RS;-29.189700;-54.866600
4215695;Santiago do Sul;SC;-26.638800;-52.679900
5107263;Santo Afonso;MT;-14.494500;-57.009100
2928604;Santo Amaro;BA;-12.547200;-38.713700
4215703;Santo Amaro da Imperatriz;SC;-27.685200;-48.781300
2806602;Santo Amaro das Brotas;SE;-10.789200;-37.056400
2110278;Santo Amaro do Maranhão;MA;-2.500680;-43.238000
3547700;Santo Anastácio;SP;-21.974700;-51.652700
3547809;Santo André;SP;-23.673700;-46.543200
2513851;Santo André;PB;-7.220160;-36.621300
4317509;Santo Ângelo;RS;-28.300100;-54.266800
2411502;Santo Antônio;RN;-6.311950;-35.473900
3547908;Santo Antônio da Alegria;SP;-21.086400;-47.146400
5219712;Santo Antônio da Barra;GO;-17.558500;-50.634500
4317608;Santo Antônio da Patrulha;RS;-29.826800;-50.517500
4124103;Santo Antônio da Platina;PR;-23.295900;-50.081500
4317707;Santo Antônio das Missões;RS;-28.514000;-55.225100
5219738;Santo Antônio de Goiás;GO;-16.481500;-49.309600
2928703;Santo Antônio de Jesus;BA;-12.961400;-39.258400
2209401;Santo Antônio de Lisboa;PI;-6.986760;-41.225200
3304706;Santo Antônio de Pádua;RJ;-21.541000;-42.183200
3548005;Santo Antônio de Posse;SP;-22.602900;-46.919200
3159902;Santo Antônio do Amparo;MG;-20.943000;-44.917600
3548054;Santo Antônio do Aracanguá;SP;-20.933100;-50.498000
3160009;Santo Antônio do Aventureiro;MG;-21.760600;-42.811500
4124202;Santo Antônio do Caiuá;PR;-22.735100;-52.344000
5219753;Santo Antônio do Descoberto;GO;-15.941200;-48.257800
3160108;Santo Antônio do Grama;MG;-20.318500;-42.604700
1303700;Santo Antônio do Içá;AM;-3.095440;-67.946300
3160207;Santo Antônio do Itambé;MG;-18.460900;-43.300600
3160306;Santo Antônio do Jacinto;MG;-16.533200;-40.181700
3548104;Santo Antônio do Jardim;SP;-22.112100;-46.684500
5107792;Santo Antônio do Leste;MT;-14.805000;-53.607500
5107800;Santo Antônio do Leverger;MT;-15.863200;-56.078800
3160405;Santo Antônio do Monte;MG;-20.085000;-45.294700
4317558;Santo Antônio do Palma;RS;-28.495600;-52.026700
4124301;Santo Antônio do Paraíso;PR;-23.496900;-50.645500
3548203;Santo Antônio do Pinhal;SP;-22.827000;-45.663000
4317756;Santo Antônio do Planalto;RS;-28.403000;-52.699200
3160454;Santo Antônio do Retiro;MG;-15.339300;-42.617100
3160504;Santo Antônio do Rio Abaixo;MG;-19.237400;-43.260400
4124400;Santo Antônio do Sudoeste;PR;-26.073700;-53.725100
1507003;Santo Antônio do Tauá;PA;-1.152200;-48.131400
2110302;Santo Antônio dos Lopes;MA;-4.866130;-44.365300
2209450;Santo Antônio dos Milagres;PI;-6.046470;-42.712300
4317806;Santo Augusto;RS;-27.852600;-53.777600
4317905;Santo Cristo;RS;-27.826300;-54.662000
2928802;Santo Estêvão;BA;-12.428000;-39.250500
3548302;Santo Expedito;SP;-21.846700;-51.392900
4317954;Santo Expedito do Sul;RS;-27.907400;-51.643400
3160603;Santo Hipólito;MG;-18.296800;-44.222900
4124509;Santo Inácio;PR;-22.695700;-51.796900
2209500;Santo Inácio do Piauí;PI;-7.420720;-41.906300
3548401;Santópolis do Aguapeí;SP;-21.637600;-50.504400
3548500;Santos;SP;-23.953500;-46.335000
3160702;Santos Dumont;MG;-21.463400;-43.549900
2312304;São Benedito;CE;-4.047130;-40.859600
2110401;São Benedito do Rio Preto;MA;-3.335150;-43.528700
2612901;São Benedito do Sul;PE;-8.816600;-35.945300
2513927;São Bentinho;PB;-6.885960;-37.724300
2513901;São Bento;PB;-6.485290;-37.448800
2110500;São Bento;MA;-2.697810;-44.828900
3160801;São Bento Abade;MG;-21.583900;-45.069900
2411601;São Bento do Norte;RN;-5.092590;-35.958700
3548609;São Bento do Sapucaí;SP;-22.683700;-45.728700
4215802;São Bento do Sul;SC;-26.249500;-49.383100
1720101;São Bento do Tocantins;TO;-6.025800;-47.901200
2411700;São Bento do Trairí;RN;-6.337980;-36.086300
2613008;São Bento do Una;PE;-8.526370;-36.446500
4215752;São Bernardino;SC;-26.473900;-52.968700
2110609;São Bernardo;MA;-3.372230;-42.419100
3548708;São Bernardo do Campo;SP;-23.691400;-46.564600
4215901;São Bonifácio;SC;-27.900900;-48.932600
4318002;São Borja;RS;-28.657800;-56.003600
2708204;São Brás;AL;-10.114100;-36.852200
3160900;São Brás do Suaçuí;MG;-20.624200;-43.951500
2209559;São Braz do Piauí;PI;-9.057970;-43.007600
2613107;São Caetano;PE;-8.337630;-36.286900
1507102;São Caetano de Odivelas;PA;-0.747293;-48.024600
3548807;São Caetano do Sul;SP;-23.622900;-46.554800
3548906;São Carlos;SP;-22.017400;-47.886000
4216008;São Carlos;SC;-27.079800;-53.003700
4124608;São Carlos do Ivaí;PR;-23.315800;-52.476100
2806701;São Cristóvão;SE;-11.008400;-37.204400
4216057;São Cristovão do Sul;SC;-27.266600;-50.438800
2928901;São Desidério;BA;-12.357200;-44.976900
2928950;São Domingos;BA;-11.464900;-39.526800
4216107;São Domingos;SC;-26.554800;-52.531300
2513968;São Domingos;PB;-6.803130;-37.948800
2806800;São Domingos;SE;-10.791600;-37.568500
5219803;São Domingos;GO;-13.621000;-46.741500
3160959;São Domingos das Dores;MG;-19.524600;-42.010600
1507151;São Domingos do Araguaia;PA;-5.537320;-48.736600
2110658;São Domingos do Azeitão;MA;-6.814710;-44.650900
1507201;São Domingos do Capim;PA;-1.687680;-47.766500
2513943;São Domingos do Cariri;PB;-7.632730;-36.437400
2110708;São Domingos do Maranhão;MA;-5.580950;-44.382200
3204658;São Domingos do Norte;ES;-19.145200;-40.628100
3161007;São Domingos do Prata;MG;-19.867800;-42.971000
4318051;São Domingos do Sul;RS;-28.531200;-51.886000
2929107;São Felipe;BA;-12.839400;-39.089300
1101484;São Felipe D'Oeste;RO;-11.902300;-61.502600
2929008;São Félix;BA;-12.610400;-38.972700
2110807;São Félix de Balsas;MA;-7.075350;-44.809200
3161056;São Félix de Minas;MG;-18.595900;-41.488900
5107859;São Félix do Araguaia;MT;-11.615000;-50.670600
2929057;São Félix do Coribe;BA;-13.401900;-44.183700
2209609;São Félix do Piauí;PI;-5.934850;-42.117200
1720150;São Félix do Tocantins;TO;-10.161500;-46.661800
1507300;São Félix do Xingu;PA;-6.642540;-51.990400
2411809;São Fernando;RN;-6.379750;-37.186400
3304805;São Fidélis;RJ;-21.655100;-41.756000
3549003;São Francisco;SP;-20.362300;-50.695200
2513984;São Francisco;PB;-6.607730;-38.096800
2806909;São Francisco;SE;-10.344200;-36.886900
3161106;São Francisco;MG;-15.951400;-44.859300
4318101;São Francisco de Assis;RS;-29.554700;-55.125300
2209658;São Francisco de Assis do Piauí;PI;-8.235990;-41.687300
5219902;São Francisco de Goiás;GO;-15.925600;-49.260500
3304755;São Francisco de Itabapoana;RJ;-21.470200;-41.109100
4318200;São Francisco de Paula;RS;-29.440400;-50.582800
3161205;São Francisco de Paula;MG;-20.703600;-44.983800
3161304;São Francisco de Sales;MG;-19.861100;-49.772700
2110856;São Francisco do Brejão;MA;-5.125840;-47.389000
2929206;São Francisco do Conde;BA;-12.618300;-38.678600
3161403;São Francisco do Glória;MG;-20.792300;-42.267300
1101492;São Francisco do Guaporé;RO;-12.052000;-63.568000
2110906;São Francisco do Maranhão;MA;-6.251590;-42.866800
2411908;São Francisco do Oeste;RN;-5.974720;-38.151900
1507409;São Francisco do Pará;PA;-1.169630;-47.791700
2209708;São Francisco do Piauí;PI;-7.246300;-42.541000
4216206;São Francisco do Sul;SC;-26.257900;-48.634400
4318309;São Gabriel;RS;-30.333700;-54.321700
2929255;São Gabriel;BA;-11.217500;-41.884300
1303809;São Gabriel da Cachoeira;AM;-0.119090;-67.084000
3204708;São Gabriel da Palha;ES;-19.018200;-40.536500
5007695;São Gabriel do Oeste;MS;-19.388900;-54.550700
3161502;São Geraldo;MG;-20.925200;-42.836400
3161601;São Geraldo da Piedade;MG;-18.841100;-42.286700
1507458;São Geraldo do Araguaia;PA;-6.394710;-48.559200
3161650;São Geraldo do Baixio;MG;-18.909700;-41.363000
3304904;São Gonçalo;RJ;-22.826800;-43.063400
3161700;São Gonçalo do Abaeté;MG;-18.331500;-45.826500
2412005;São Gonçalo do Amarante;RN;-5.790680;-35.325700
2312403;São Gonçalo do Amarante;CE;-3.605150;-38.972600
2209757;São Gonçalo do Gurguéia;PI;-10.031900;-45.309200
3161809;São Gonçalo do Pará;MG;-19.982200;-44.859300
2209807;São Gonçalo do Piauí;PI;-5.993930;-42.709500
3161908;São Gonçalo do Rio Abaixo;MG;-19.822100;-43.366000
3125507;São Gonçalo do Rio Preto;MG;-18.002500;-43.385400
3162005;São Gonçalo do Sapucaí;MG;-21.893200;-45.589300
2929305;São Gonçalo dos Campos;BA;-12.433100;-38.966300
3162104;São Gotardo;MG;-19.308700;-46.046500
4318408;São Jerônimo;RS;-29.971600;-51.725100
4124707;São Jerônimo da Serra;PR;-23.721800;-50.747500
4124806;São João;PR;-25.821400;-52.725200
2613206;São João;PE;-8.875760;-36.365300
2111003;São João Batista;MA;-2.953980;-44.795300
4216305;São João Batista;SC;-27.277200;-48.847400
3162203;São João Batista do Glória;MG;-20.635000;-46.508000
5220009;São João d'Aliança;GO;-14.704800;-47.522800
1400506;São João da Baliza;RR;0.951659;-59.913300
3305000;São João da Barra;RJ;-21.638000;-41.044600
3549102;São João da Boa Vista;SP;-21.970700;-46.794400
2209856;São João da Canabrava;PI;-6.812030;-41.341500
2209872;São João da Fronteira;PI;-3.954970;-41.256900
3162252;São João da Lagoa;MG;-16.845500;-44.350700
3162302;São João da Mata;MG;-21.928000;-45.929700
5220058;São João da Paraúna;GO;-16.812600;-50.409200
1507466;São João da Ponta;PA;-0.857885;-47.918000
3162401;São João da Ponte;MG;-15.927100;-44.009600
2209906;São João da Serra;PI;-5.510810;-41.892300
4318424;São João da Urtiga;RS;-27.819500;-51.825700
2209955;São João da Varjota;PI;-6.940820;-41.888900
3549201;São João das Duas Pontes;SP;-20.387900;-50.379200
3162450;São João das Missões;MG;-14.885900;-44.092200
3549250;São João de Iracema;SP;-20.511100;-50.356100
3305109;São João de Meriti;RJ;-22.805800;-43.372900
1507474;São João de Pirabas;PA;-0.780222;-47.181000
3162500;São João del Rei;MG;-21.131100;-44.252600
1507508;São João do Araguaia;PA;-5.363340;-48.792600
2209971;São João do Arraial;PI;-3.818600;-42.445900
4124905;São João do Caiuá;PR;-22.853500;-52.341100
2514008;São João do Cariri;PB;-7.381680;-36.534500
2111029;São João do Carú;MA;-3.550300;-46.250700
4216354;São João do Itaperiú;SC;-26.621300;-48.768300
4125001;São João do Ivaí;PR;-23.983300;-51.821500
2312502;São João do Jaguaribe;CE;-5.275160;-38.269400
3162559;São João do Manhuaçu;MG;-20.393300;-42.153300
3162575;São João do Manteninha;MG;-18.723000;-41.162800
4216255;São João do Oeste;SC;-27.098400;-53.597700
3162609;São João do Oriente;MG;-19.338400;-42.157500
3162658;São João do Pacuí;MG;-16.537300;-44.513400
3162708;São João do Paraíso;MG;-15.316800;-42.021300
2111052;São João do Paraíso;MA;-6.456340;-47.059400
3549300;São João do Pau d'Alho;SP;-21.266200;-51.667200
2210003;São João do Piauí;PI;-8.354660;-42.255900
4318432;São João do Polêsine;RS;-29.619400;-53.443900
2500700;São João do Rio do Peixe;PB;-6.721950;-38.446800
2412104;São João do Sabugi;RN;-6.713870;-37.202700
2111078;São João do Soter;MA;-5.108210;-43.816300
4216404;São João do Sul;SC;-29.215400;-49.809400
2514107;São João do Tigre;PB;-8.077030;-36.854700
4125100;São João do Triunfo;PR;-25.683000;-50.294900
2111102;São João dos Patos;MA;-6.493400;-43.703600
3162807;São João Evangelista;MG;-18.548000;-42.765500
3162906;São João Nepomuceno;MG;-21.538100;-43.006900
4216503;São Joaquim;SC;-28.288700;-49.945700
3549409;São Joaquim da Barra;SP;-20.581200;-47.859300
3162922;São Joaquim de Bicas;MG;-20.048000;-44.274900
2613305;São Joaquim do Monte;PE;-8.431960;-35.803500
4318440;São Jorge;RS;-28.498400;-51.706400
4125209;São Jorge d'Oeste;PR;-25.708500;-52.920400
4125308;São Jorge do Ivaí;PR;-23.433600;-52.292900
4125357;São Jorge do Patrocínio;PR;-23.764700;-53.882300
4216602;São José;SC;-27.613600;-48.636600
3162948;São José da Barra;MG;-20.717800;-46.313000
3549508;São José da Bela Vista;SP;-20.593500;-47.642400
4125407;São José da Boa Vista;PR;-23.912200;-49.657700
2613404;São José da Coroa Grande;PE;-8.889370;-35.151500
2514206;São José da Lagoa Tapada;PB;-6.936460;-38.162200
2708303;São José da Laje;AL;-9.012780;-36.051500
3162955;São José da Lapa;MG;-19.697100;-43.958600
3163003;São José da Safira;MG;-18.324300;-42.143100
2708402;São José da Tapera;AL;-9.557680;-37.383100
3163102;São José da Varginha;MG;-19.700600;-44.556000
2929354;São José da Vitória;BA;-15.078700;-39.343700
4318457;São José das Missões;RS;-27.778900;-53.122600
4125456;São José das Palmeiras;PR;-24.836900;-54.057200
2514305;São José de Caiana;PB;-7.246360;-38.298900
2514404;São José de Espinharas;PB;-6.839740;-37.321400
2412203;São José de Mipibu;RN;-6.077300;-35.241700
2514503;São José de Piranhas;PB;-7.118700;-38.502000
2514552;São José de Princesa;PB;-7.736330;-38.089400
2111201;São José de Ribamar;MA;-2.547040;-44.059700
3305133;São José de Ubá;RJ;-21.366100;-41.951100
3163201;São José do Alegre;MG;-22.324300;-45.525800
3549607;São José do Barreiro;SP;-22.641400;-44.577400
2613503;São José do Belmonte;PE;-7.857230;-38.757700
2514602;São José do Bonfim;PB;-7.160700;-37.303600
2514651;São José do Brejo do Cruz;PB;-6.210540;-37.360100
3204807;São José do Calçado;ES;-21.027400;-41.663600
2412302;São José do Campestre;RN;-6.310870;-35.706700
4216701;São José do Cedro;SC;-26.456100;-53.495500
4216800;São José do Cerrito;SC;-27.660200;-50.573300
2210052;São José do Divino;PI;-3.814110;-41.830800
3163300;São José do Divino;MG;-18.479300;-41.390700
2613602;São José do Egito;PE;-7.469450;-37.274000
3163409;São José do Goiabal;MG;-19.921400;-42.703500
4318465;São José do Herval;RS;-29.052000;-52.295000
4318481;São José do Hortêncio;RS;-29.528000;-51.245000
4318499;São José do Inhacorá;RS;-27.725100;-54.127500
2929370;São José do Jacuípe;BA;-11.413700;-39.866900
3163508;São José do Jacuri;MG;-18.281000;-42.672900
3163607;São José do Mantimento;MG;-20.005800;-41.748600
4318507;São José do Norte;RS;-32.015100;-52.033100
4318606;São José do Ouro;RS;-27.770700;-51.596600
2210102;São José do Peixe;PI;-7.485540;-42.567200
2210201;São José do Piauí;PI;-6.871940;-41.473100
5107297;São José do Povo;MT;-16.454900;-54.248700
5107305;São José do Rio Claro;MT;-13.439800;-56.721800
3549706;São José do Rio Pardo;SP;-21.595300;-46.887300
3549805;São José do Rio Preto;SP;-20.811300;-49.375800
2514701;São José do Sabugi;PB;-6.762950;-36.797200
2412401;São José do Seridó;RN;-6.440020;-36.874600
4318614;São José do Sul;RS;-29.544800;-51.482100
3305158;São José do Vale do Rio Preto;RJ;-22.152500;-42.932700
5107354;São José do Xingu;MT;-10.798200;-52.748600
4318622;São José dos Ausentes;RS;-28.747600;-50.067700
2111250;São José dos Basílios;MA;-5.054930;-44.580900
3549904;São José dos Campos;SP;-23.189600;-45.884100
2514800;São José dos Cordeiros;PB;-7.387750;-36.808500
4125506;São José dos Pinhais;PR;-25.531300;-49.203100
5107107;São José dos Quatro Marcos;MT;-15.627600;-58.177200
2514453;São José dos Ramos;PB;-7.252380;-35.372500
2210300;São Julião;PI;-7.083910;-40.824600
4318705;São Leopoldo;RS;-29.754500;-51.149800
3163706;São Lourenço;MG;-22.116600;-45.050600
2613701;São Lourenço da Mata;PE;-8.006840;-35.012400
3549953;São Lourenço da Serra;SP;-23.849100;-46.943200
4216909;São Lourenço do Oeste;SC;-26.355700;-52.849800
2210359;São Lourenço do Piauí;PI;-9.164630;-42.549600
4318804;São Lourenço do Sul;RS;-31.356400;-51.971500
4217006;São Ludgero;SC;-28.314400;-49.180600
2111300;São Luís;MA;-2.538740;-44.282500
5220108;São Luís de Montes Belos;GO;-16.521100;-50.372600
2312601;São Luís do Curu;CE;-3.669760;-39.239100
2210375;São Luis do Piauí;PI;-6.819360;-41.317500
2708501;São Luís do Quitunde;AL;-9.318160;-35.560600
2111409;São Luís Gonzaga do Maranhão;MA;-4.385410;-44.665400
1400605;São Luiz;RR;1.010190;-60.041900
5220157;São Luiz do Norte;GO;-14.860800;-49.328500
3550001;São Luiz do Paraitinga;SP;-23.222000;-45.310900
4318903;São Luiz Gonzaga;RS;-28.412000;-54.955900
2514909;São Mamede;PB;-6.923860;-37.095400
4125555;São Manoel do Paraná;PR;-23.394100;-52.645400
3550100;São Manuel;SP;-22.732100;-48.572300
4319000;São Marcos;RS;-28.967700;-51.069600
4217105;São Martinho;SC;-28.160900;-48.986700
4319109;São Martinho;RS;-27.711200;-53.969900
4319125;São Martinho da Serra;RS;-29.539700;-53.859000
3204906;São Mateus;ES;-18.721400;-39.857900
2111508;São Mateus do Maranhão;MA;-4.037360;-44.470700
4125605;São Mateus do Sul;PR;-25.867700;-50.384000
2412500;São Miguel;RN;-6.202830;-38.494700
3550209;São Miguel Arcanjo;SP;-23.878200;-47.993500
2210383;São Miguel da Baixa Grande;PI;-5.856460;-42.193400
4217154;São Miguel da Boa Vista;SC;-26.687000;-53.251100
2929404;São Miguel das Matas;BA;-13.043400;-39.457800
4319158;São Miguel das Missões;RS;-28.556000;-54.555900
2515005;São Miguel de Taipu;PB;-7.247640;-35.201600
2807006;São Miguel do Aleixo;SE;-10.384700;-37.383600
3163805;São Miguel do Anta;MG;-20.706700;-42.717400
5220207;São Miguel do Araguaia;GO;-13.273100;-50.163400
2210391;São Miguel do Fidalgo;PI;-7.597130;-42.367600
2412559;São Miguel do Gostoso;RN;-5.123020;-35.635400
1507607;São Miguel do Guamá;PA;-1.613070;-47.478400
1100320;São Miguel do Guaporé;RO;-11.695300;-62.719200
4125704;São Miguel do Iguaçu;PR;-25.349200;-54.240500
4217204;São Miguel do Oeste;SC;-26.724200;-53.516300
5220264;São Miguel do Passa Quatro;GO;-17.058200;-48.662000
2210409;São Miguel do Tapuio;PI;-5.497290;-41.316500
1720200;São Miguel do Tocantins;TO;-5.563050;-47.574300
2708600;São Miguel dos Campos;AL;-9.783010;-36.097100
2708709;São Miguel dos Milagres;AL;-9.264930;-35.376300
4319208;São Nicolau;RS;-28.183400;-55.265400
5220280;São Patrício;GO;-15.350000;-49.818000
3550308;São Paulo;SP;-23.532900;-46.639500
4319307;São Paulo das Missões;RS;-28.019500;-54.940400
1303908;São Paulo de Olivença;AM;-3.472920;-68.964600
2412609;São Paulo do Potengi;RN;-5.899400;-35.764200
2412708;São Pedro;RN;-5.905590;-35.631700
3550407;São Pedro;SP;-22.548300;-47.909600
2111532;São Pedro da Água Branca;MA;-5.084720;-48.429100
3305208;São Pedro da Aldeia;RJ;-22.842900;-42.102600
5107404;São Pedro da Cipa;MT;-16.010900;-54.917600
4319356;São Pedro da Serra;RS;-29.419300;-51.513400
3163904;São Pedro da União;MG;-21.131000;-46.612300
4319364;São Pedro das Missões;RS;-27.770600;-53.251300
4217253;São Pedro de Alcântara;SC;-27.566500;-48.804800
4319372;São Pedro do Butiá;RS;-28.124300;-54.892600
4125753;São Pedro do Iguaçu;PR;-24.937300;-53.852100
4125803;São Pedro do Ivaí;PR;-23.863400;-51.856800
4125902;São Pedro do Paraná;PR;-22.823900;-53.224100
2210508;São Pedro do Piauí;PI;-5.920780;-42.719200
3164100;São Pedro do Suaçuí;MG;-18.360900;-42.598100
4319406;São Pedro do Sul;RS;-29.620200;-54.185500
3550506;São Pedro do Turvo;SP;-22.745300;-49.742800
2111573;São Pedro dos Crentes;MA;-6.823890;-46.531900
3164001;São Pedro dos Ferros;MG;-20.173200;-42.525100
2412807;São Rafael;RN;-5.797910;-36.877800
2111607;São Raimundo das Mangabeiras;MA;-7.021830;-45.480900
2111631;São Raimundo do Doca Bezerra;MA;-5.110530;-45.069600
2210607;São Raimundo Nonato;PI;-9.012410;-42.698700
2111672;São Roberto;MA;-5.023100;-45.001000
3164209;São Romão;MG;-16.364100;-45.074900
3550605;São Roque;SP;-23.522600;-47.135700
3164308;São Roque de Minas;MG;-20.249000;-46.363900
3204955;São Roque do Canaã;ES;-19.741100;-40.652600
1720259;São Salvador do Tocantins;TO;-12.745800;-48.235200
3550704;São Sebastião;SP;-23.795100;-45.414300
2708808;São Sebastião;AL;-9.930430;-36.559000
4126009;São Sebastião da Amoreira;PR;-23.465600;-50.762500
3164407;São Sebastião da Bela Vista;MG;-22.158300;-45.754600
1507706;São Sebastião da Boa Vista;PA;-1.715970;-49.524900
3550803;São Sebastião da Grama;SP;-21.704100;-46.820800
3164431;São Sebastião da Vargem Alegre;MG;-19.747700;-43.367900
2515104;São Sebastião de Lagoa de Roça;PB;-7.110340;-35.867800
3305307;São Sebastião do Alto;RJ;-21.957800;-42.132800
3164472;São Sebastião do Anta;MG;-19.506400;-41.985000
4319505;São Sebastião do Caí;RS;-29.588500;-51.374900
3164506;São Sebastião do Maranhão;MG;-18.087300;-42.565900
3164605;São Sebastião do Oeste;MG;-20.275800;-45.006300
3164704;São Sebastião do Paraíso;MG;-20.916700;-46.983700
2929503;São Sebastião do Passé;BA;-12.512300;-38.490500
3164803;São Sebastião do Rio Preto;MG;-19.295900;-43.175700
3164902;São Sebastião do Rio Verde;MG;-22.218300;-44.976100
1720309;São Sebastião do Tocantins;TO;-5.261310;-48.202100
1303957;São Sebastião do Uatumã;AM;-2.559150;-57.873100
2515203;São Sebastião do Umbuzeiro;PB;-8.152890;-37.013800
4319604;São Sepé;RS;-30.164300;-53.560300
3550902;São Simão;SP;-21.473200;-47.551800
5220405;São Simão;GO;-18.996000;-50.547000
3165206;São Thomé das Letras;MG;-21.721800;-44.984900
3165008;São Tiago;MG;-20.907500;-44.509800
3165107;São Tomás de Aquino;MG;-20.779100;-47.096200
4126108;São Tomé;PR;-23.534900;-52.590100
2412906;São Tomé;RN;-5.964040;-36.079800
4319703;São Valentim;RS;-27.558300;-52.523700
4319711;São Valentim do Sul;RS;-29.045100;-51.768400
1720499;São Valério;TO;-11.974300;-48.235300
4319737;São Valério do Sul;RS;-27.790600;-53.936800
4319752;São Vendelino;RS;-29.372900;-51.367500
3551009;São Vicente;SP;-23.957400;-46.388300
2413003;São Vicente;RN;-6.218930;-36.682700
3165305;São Vicente de Minas;MG;-21.704200;-44.443100
2515401;São Vicente do Seridó;PB;-6.854260;-36.412200
4319802;São Vicente do Sul;RS;-29.688200;-54.682600
2613800;São Vicente Ferrer;PE;-7.589690;-35.480800
2111706;São Vicente Ferrer;MA;-2.894870;-44.868100
2515302;Sapé;PB;-7.093590;-35.228000
2929602;Sapeaçu;BA;-12.720800;-39.182400
5107875;Sapezal;MT;-12.989200;-58.764500
4319901;Sapiranga;RS;-29.634900;-51.006400
4126207;Sapopema;PR;-23.907800;-50.580100
3165404;Sapucaí-Mirim;MG;-22.740900;-45.738000
1507755;Sapucaia;PA;-6.940180;-49.683400
3305406;Sapucaia;RJ;-21.994900;-42.914200
4320008;Sapucaia do Sul;RS;-29.827600;-51.145000
3305505;Saquarema;RJ;-22.929200;-42.509900
4126256;Sarandi;PR;-23.444100;-51.876000
4320107;Sarandi;RS;-27.942000;-52.923100
3551108;Sarapuí;SP;-23.639700;-47.824900
3165503;Sardoá;MG;-18.782800;-42.362900
3551207;Sarutaiá;SP;-23.272100;-49.476300
3165537;Sarzedo;MG;-20.036700;-44.144600
2929701;Sátiro Dias;BA;-11.592900;-38.593800
2708907;Satuba;AL;-9.569110;-35.822700
2111722;Satubinha;MA;-4.049130;-45.245700
2929750;Saubara;BA;-12.738700;-38.762500
4126272;Saudade do Iguaçu;PR;-25.691700;-52.618400
4217303;Saudades;SC;-26.931700;-53.002100
2929800;Saúde;BA;-10.942800;-40.415500
4217402;Schroeder;SC;-26.411600;-49.074000
2929909;Seabra;BA;-12.416900;-41.772200
4217501;Seara;SC;-27.156400;-52.299000
3551306;Sebastianópolis do Sul;SP;-20.652300;-49.925000
2210623;Sebastião Barros;PI;-10.817000;-44.833700
2930006;Sebastião Laranjeiras;BA;-14.571000;-42.943400
2210631;Sebastião Leal;PI;-7.568030;-44.060000
4320206;Seberi;RS;-27.482900;-53.402600
4320230;Sede Nova;RS;-27.636700;-53.949300
4320263;Segredo;RS;-29.352300;-52.976700
4320305;Selbach;RS;-28.629400;-52.949800
5007802;Selvíria;MS;-20.363700;-51.419200
3165560;Sem-Peixe;MG;-20.100800;-42.848300
1200500;Sena Madureira;AC;-9.065960;-68.657100
2111748;Senador Alexandre Costa;MA;-5.250960;-44.053300
3165578;Senador Amaral;MG;-22.586900;-46.176300
5220454;Senador Canedo;GO;-16.708400;-49.091400
3165602;Senador Cortes;MG;-21.798600;-42.942400
2413102;Senador Elói de Souza;RN;-6.033340;-35.697800
3165701;Senador Firmino;MG;-20.915800;-43.090400
2413201;Senador Georgino Avelino;RN;-6.157600;-35.129900
1200450;Senador Guiomard;AC;-10.149700;-67.736200
3165800;Senador José Bento;MG;-22.163300;-46.179200
1507805;Senador José Porfírio;PA;-4.312420;-51.576400
2111763;Senador La Rocque;MA;-5.446100;-47.295900
3165909;Senador Modestino Gonçalves;MG;-17.946500;-43.217200
2312700;Senador Pompeu;CE;-5.582440;-39.370400
2708956;Senador Rui Palmeira;AL;-9.469860;-37.457600
2312809;Senador Sá;CE;-3.353050;-40.466200
4320321;Senador Salgado Filho;RS;-28.025000;-54.550700
4126306;Sengés;PR;-24.112900;-49.461600
2930105;Senhor do Bonfim;BA;-10.459400;-40.186500
3166006;Senhora de Oliveira;MG;-20.797200;-43.339400
3166105;Senhora do Porto;MG;-18.890900;-43.079900
3166204;Senhora dos Remédios;MG;-21.035100;-43.581200
4320354;Sentinela do Sul;RS;-30.610700;-51.586200
2930204;Sento Sé;BA;-9.741380;-41.878600
4320404;Serafina Corrêa;RS;-28.712600;-51.935200
3166303;Sericita;MG;-20.474800;-42.482800
1101500;Seringueiras;RO;-11.805500;-63.018200
4320453;Sério;RS;-29.390400;-52.268500
3166402;Seritinga;MG;-21.913400;-44.518000
3305554;Seropédica;RJ;-22.752600;-43.715500
3205002;Serra;ES;-20.121000;-40.307400
4217550;Serra Alta;SC;-26.722900;-53.040900
3551405;Serra Azul;SP;-21.307400;-47.560200
3166501;Serra Azul de Minas;MG;-18.360200;-43.167500
2515500;Serra Branca;PB;-7.480340;-36.666000
2410306;Serra Caiada;RN;-6.104780;-35.711300
2515609;Serra da Raiz;PB;-6.685270;-35.437900
3166600;Serra da Saudade;MG;-19.444700;-45.795000
2413300;Serra de São Bento;RN;-6.417620;-35.703300
2413359;Serra do Mel;RN;-5.177250;-37.024200
1600055;Serra do Navio;AP;0.901357;-52.003600
2930154;Serra do Ramalho;BA;-13.565900;-43.592900
3166808;Serra do Salitre;MG;-19.108300;-46.696100
3166709;Serra dos Aimorés;MG;-17.787200;-40.245300
2930303;Serra Dourada;BA;-12.759000;-43.950400
2515708;Serra Grande;PB;-7.209570;-38.364700
3551603;Serra Negra;SP;-22.613900;-46.703300
2413409;Serra Negra do Norte;RN;-6.660310;-37.399600
5107883;Serra Nova Dourada;MT;-12.089600;-51.402500
2930402;Serra Preta;BA;-12.156000;-39.330500
2515807;Serra Redonda;PB;-7.186220;-35.684200
2613909;Serra Talhada;PE;-7.981780;-38.289000
3551504;Serrana;SP;-21.204300;-47.595200
3166907;Serrania;MG;-21.544100;-46.041700
2111789;Serrano do Maranhão;MA;-1.852290;-45.120700
5220504;Serranópolis;GO;-18.306700;-51.958600
3166956;Serranópolis de Minas;MG;-15.817600;-42.873200
4126355;Serranópolis do Iguaçu;PR;-25.379900;-54.051800
3167004;Serranos;MG;-21.885700;-44.512500
2515906;Serraria;PB;-6.815690;-35.628200
2413508;Serrinha;RN;-6.281810;-35.500000
2930501;Serrinha;BA;-11.658400;-39.010000
2413557;Serrinha dos Pintos;RN;-6.110870;-37.954800
2614006;Serrita;PE;-7.940410;-39.295100
3167103;Serro;MG;-18.599100;-43.374400
2930600;Serrolândia;BA;-11.408500;-40.298300
4126405;Sertaneja;PR;-23.036100;-50.831700
2614105;Sertânia;PE;-8.068470;-37.268400
4126504;Sertanópolis;PR;-23.057100;-51.039900
4320503;Sertão;RS;-27.979800;-52.258800
4320552;Sertão Santana;RS;-30.456200;-51.601700
3551702;Sertãozinho;SP;-21.131600;-47.987500
2515930;Sertãozinho;PB;-6.751270;-35.437200
3551801;Sete Barras;SP;-24.382000;-47.927900
4320578;Sete de Setembro;RS;-28.136200;-54.463700
3167202;Sete Lagoas;MG;-19.456900;-44.241300
5007703;Sete Quedas;MS;-23.970500;-55.039800
3165552;Setubinha;MG;-17.600200;-42.158700
4320602;Severiano de Almeida;RS;-27.436200;-52.121700
2413607;Severiano Melo;RN;-5.776660;-37.957000
3551900;Severínia;SP;-20.810800;-48.805400
4217600;Siderópolis;SC;-28.595500;-49.431400
5007901;Sidrolândia;MS;-20.930200;-54.969200
2210656;Sigefredo Pacheco;PI;-4.916650;-41.731100
3305604;Silva Jardim;RJ;-22.657400;-42.396100
5220603;Silvânia;GO;-16.660000;-48.608300
1720655;Silvanópolis;TO;-11.147100;-48.169400
4320651;Silveira Martins;RS;-29.646700;-53.591000
3167301;Silveirânia;MG;-21.161500;-43.212800
3552007;Silveiras;SP;-22.663800;-44.852200
1304005;Silves;AM;-2.817480;-58.248000
3167400;Silvianópolis;MG;-22.027400;-45.838500
2807105;Simão Dias;SE;-10.738700;-37.809700
3167509;Simão Pereira;MG;-21.964000;-43.308800
2210706;Simões;PI;-7.591090;-40.813700
2930709;Simões Filho;BA;-12.786600;-38.402900
5220686;Simolândia;GO;-14.464400;-46.484700
3167608;Simonésia;MG;-20.134100;-42.009100
2210805;Simplício Mendes;PI;-7.852940;-41.907500
4320677;Sinimbu;RS;-29.535700;-52.530400
5107909;Sinop;MT;-11.860400;-55.509100
4126603;Siqueira Campos;PR;-23.687500;-49.830400
2614204;Sirinhaém;PE;-8.587780;-35.112600
2807204;Siriri;SE;-10.596500;-37.113100
5220702;Sítio d'Abadia;GO;-14.799200;-46.250600
2930758;Sítio do Mato;BA;-13.080100;-43.468900
2930766;Sítio do Quinto;BA;-10.354500;-38.221300
2111805;Sítio Novo;MA;-5.876010;-46.703300
2413706;Sítio Novo;RN;-6.111320;-35.909000
1720804;Sítio Novo do Tocantins;TO;-5.601200;-47.638100
2930774;Sobradinho;BA;-9.450240;-40.814500
4320701;Sobradinho;RS;-29.419400;-53.032600
2515971;Sobrado;PB;-7.144290;-35.235700
2312908;Sobral;CE;-3.689130;-40.348200
3167707;Sobrália;MG;-19.234500;-42.099800
3552106;Socorro;SP;-22.590300;-46.525100
2210904;Socorro do Piauí;PI;-7.867730;-42.492200
2516003;Solânea;PB;-6.751610;-35.663600
2516102;Soledade;PB;-7.058290;-36.366800
4320800;Soledade;RS;-28.830600;-52.513100
3167806;Soledade de Minas;MG;-22.055400;-45.046400
2614402;Solidão;PE;-7.594720;-37.644500
2313005;Solonópole;CE;-5.718940;-39.010700
4217709;Sombrio;SC;-29.108000;-49.632800
5007935;Sonora;MS;-17.569800;-54.755100
3205010;Sooretama;ES;-19.189700;-40.097400
3552205;Sorocaba;SP;-23.496900;-47.445100
5107925;Sorriso;MT;-12.542500;-55.721100
2516151;Sossêgo;PB;-6.770670;-36.253800
1507904;Soure;PA;-0.730320;-48.501500
2516201;Sousa;PB;-6.751480;-38.231100
2930808;Souto Soares;BA;-12.088000;-41.642700
1720853;Sucupira;TO;-11.993000;-48.968500
2111904;Sucupira do Norte;MA;-6.478390;-44.191900
2111953;Sucupira do Riachão;MA;-6.408580;-43.545500
3552304;Sud Mennucci;SP;-20.687200;-50.923800
4217758;Sul Brasil;SC;-26.735100;-52.964000
4126652;Sulina;PR;-25.706600;-52.729900
3552403;Sumaré;SP;-22.820400;-47.272800
2516300;Sumé;PB;-7.662060;-36.884000
3305703;Sumidouro;RJ;-22.048500;-42.676100
2614501;Surubim;PE;-7.847460;-35.748100
2210938;Sussuapara;PI;-7.036870;-41.376700
3552551;Suzanápolis;SP;-20.498100;-51.026800
3552502;Suzano;SP;-23.544800;-46.311200
4320859;Tabaí;RS;-29.643000;-51.682300
5107941;Tabaporã;MT;-11.300700;-56.831200
3552601;Tabapuã;SP;-20.960200;-49.030700
3552700;Tabatinga;SP;-21.723900;-48.689600
1304062;Tabatinga;AM;-4.241600;-69.938300
2614600;Tabira;PE;-7.583660;-37.537700
3552809;Taboão da Serra;SP;-23.601900;-46.752600
2930907;Tabocas do Brejo Velho;BA;-12.702600;-44.007500
2413805;Taboleiro Grande;RN;-5.919480;-38.036700
3167905;Tabuleiro;MG;-21.363200;-43.238100
2313104;Tabuleiro do Norte;CE;-5.243530;-38.128200
2614709;Tacaimbó;PE;-8.308670;-36.300000
2614808;Tacaratu;PE;-9.097980;-38.150400
3552908;Taciba;SP;-22.386600;-51.288200
2516409;Tacima;PB;-6.487590;-35.636700
5007950;Tacuru;MS;-23.636000;-55.014100
3553005;Taguaí;SP;-23.445200;-49.402400
1720903;Taguatinga;TO;-12.402600;-46.437000
3553104;Taiaçu;SP;-21.143100;-48.511200
1507953;Tailândia;PA;-2.945840;-48.948900
4217808;Taió;SC;-27.121000;-49.994200
3168002;Taiobeiras;MG;-15.810600;-42.225900
1720937;Taipas do Tocantins;TO;-12.187300;-46.979700
2413904;Taipu;RN;-5.630580;-35.591800
3553203;Taiúva;SP;-21.122300;-48.452800
1720978;Talismã;TO;-12.794900;-49.089600
2614857;Tamandaré;PE;-8.756650;-35.103300
4126678;Tamarana;PR;-23.720400;-51.099100
3553302;Tambaú;SP;-21.702900;-47.270300
4126702;Tamboara;PR;-23.203600;-52.474300
2313203;Tamboril;CE;-4.831360;-40.319600
2210953;Tamboril do Piauí;PI;-8.409370;-42.921100
3553401;Tanabi;SP;-20.622800;-49.656300
2414001;Tangará;RN;-6.196490;-35.798900
4217907;Tangará;SC;-27.099600;-51.247300
5107958;Tangará da Serra;MT;-14.622900;-57.493300
3305752;Tanguá;RJ;-22.742300;-42.720200
2931004;Tanhaçu;BA;-14.019700;-41.247300
2709004;Tanque d'Arca;AL;-9.533790;-36.436600
2210979;Tanque do Piauí;PI;-6.597870;-42.279500
2931053;Tanque Novo;BA;-13.548500;-42.493400
2931103;Tanquinho;BA;-11.968000;-39.103300
3168051;Taparuba;MG;-19.762100;-41.608000
1304104;Tapauá;AM;-5.620850;-63.180800
4126801;Tapejara;PR;-23.731500;-52.873500
4320909;Tapejara;RS;-28.065200;-52.009700
4321006;Tapera;RS;-28.627700;-52.861300
2931202;Taperoá;BA;-13.532100;-39.100900
2516508;Taperoá;PB;-7.206290;-36.824500
4321105;Tapes;RS;-30.668300;-51.399100
4126900;Tapira;PR;-23.319300;-53.068400
3168101;Tapira;MG;-19.916600;-46.826400
3168200;Tapiraí;MG;-19.893600;-46.022100
3553500;Tapiraí;SP;-23.961200;-47.506200
2931301;Tapiramutá;BA;-11.847500;-40.792700
3553609;Tapiratiba;SP;-21.471300;-46.744800
5108006;Tapurah;MT;-12.695000;-56.517800
4321204;Taquara;RS;-29.650500;-50.775300
3168309;Taquaraçu de Minas;MG;-19.665200;-43.692200
3553658;Taquaral;SP;-21.073700;-48.412600
5221007;Taquaral de Goiás;GO;-16.052100;-49.603900
2709103;Taquarana;AL;-9.645290;-36.492800
4321303;Taquari;RS;-29.794300;-51.865300
3553708;Taquaritinga;SP;-21.404900;-48.510300
2615003;Taquaritinga do Norte;PE;-7.894460;-36.042300
3553807;Taquarituba;SP;-23.530700;-49.241000
3553856;Taquarivaí;SP;-23.921100;-48.694800
4321329;Taquaruçu do Sul;RS;-27.400500;-53.470200
5007976;Taquarussu;MS;-22.489800;-53.351900
3553906;Tarabai;SP;-22.301600;-51.562100
1200609;Tarauacá;AC;-8.156970;-70.772200
2313252;Tarrafas;CE;-6.678380;-39.753000
1600709;Tartarugalzinho;AP;1.506520;-50.908700
3553955;Tarumã;SP;-22.742900;-50.578600
3168408;Tarumirim;MG;-19.283500;-42.009700
2112001;Tasso Fragoso;MA;-8.466200;-45.753600
3554003;Tatuí;SP;-23.348700;-47.846100
2313302;Tauá;CE;-5.985850;-40.296800
3554102;Taubaté;SP;-23.010400;-45.559300
4321352;Tavares;RS;-31.284300;-51.088000
2516607;Tavares;PB;-7.626970;-37.871200
1304203;Tefé;AM;-3.368220;-64.719300
2516706;Teixeira;PB;-7.221040;-37.252500
2931350;Teixeira de Freitas;BA;-17.539900;-39.740000
4127007;Teixeira Soares;PR;-25.370100;-50.457100
3168507;Teixeiras;MG;-20.656100;-42.856400
1101559;Teixeirópolis;RO;-10.905600;-62.242000
2313351;Tejuçuoca;CE;-3.988310;-39.579900
3554201;Tejupá;SP;-23.342500;-49.372200
4127106;Telêmaco Borba;PR;-24.324500;-50.617600
2807303;Telha;SE;-10.206400;-36.881800
2414100;Tenente Ananias;RN;-6.458230;-38.182000
2414159;Tenente Laurentino Cruz;RN;-6.137800;-36.713500
4321402;Tenente Portela;RS;-27.371100;-53.758500
2516755;Tenório;PB;-6.938550;-36.627300
2931400;Teodoro Sampaio;BA;-12.295000;-38.634700
3554300;Teodoro Sampaio;SP;-22.529900;-52.168200
2931509;Teofilândia;BA;-11.482700;-38.991300
3168606;Teófilo Otoni;MG;-17.859500;-41.508700
2931608;Teolândia;BA;-13.589600;-39.484000
2709152;Teotônio Vilela;AL;-9.916560;-36.349200
5008008;Terenos;MS;-20.437800;-54.864700
2211001;Teresina;PI;-5.091940;-42.803400
5221080;Teresina de Goiás;GO;-13.780100;-47.265900
3305802;Teresópolis;RJ;-22.416500;-42.975200
2615102;Terezinha;PE;-9.056210;-36.627200
5221197;Terezópolis de Goiás;GO;-16.394500;-49.079700
1507961;Terra Alta;PA;-1.029630;-47.900400
4127205;Terra Boa;PR;-23.768300;-52.447000
4321436;Terra de Areia;RS;-29.578200;-50.064400
2931707;Terra Nova;BA;-12.388800;-38.623800
2615201;Terra Nova;PE;-8.222440;-39.382500
5108055;Terra Nova do Norte;MT;-10.517000;-55.231000
4127304;Terra Rica;PR;-22.711100;-52.618800
4127403;Terra Roxa;PR;-24.157500;-54.098800
3554409;Terra Roxa;SP;-20.787000;-48.331400
1507979;Terra Santa;PA;-2.104430;-56.487700
5108105;Tesouro;MT;-16.080900;-53.559000
4321451;Teutônia;RS;-29.448200;-51.804400
1101609;Theobroma;RO;-10.248300;-62.353800
2313401;Tianguá;CE;-3.729650;-40.992300
4127502;Tibagi;PR;-24.515300;-50.417600
2411056;Tibau;RN;-4.837290;-37.255400
2414209;Tibau do Sul;RN;-6.191760;-35.086600
3554508;Tietê;SP;-23.110100;-47.716400
4217956;Tigrinhos;SC;-26.687600;-53.154500
4218004;Tijucas;SC;-27.235400;-48.632200
4127601;Tijucas do Sul;PR;-25.931100;-49.195000
2615300;Timbaúba;PE;-7.504840;-35.311900
2414308;Timbaúba dos Batistas;RN;-6.457680;-37.274500
4218103;Timbé do Sul;SC;-28.828700;-49.842000
2112100;Timbiras;MA;-4.255970;-43.932000
4218202;Timbó;SC;-26.824600;-49.269000
4218251;Timbó Grande;SC;-26.612700;-50.660700
3554607;Timburi;SP;-23.205700;-49.609600
2112209;Timon;MA;-5.097690;-42.832900
3168705;Timóteo;MG;-19.581100;-42.647100
4321469;Tio Hugo;RS;-28.571200;-52.595500
3168804;Tiradentes;MG;-21.110200;-44.174400
4321477;Tiradentes do Sul;RS;-27.402200;-54.081400
3168903;Tiros;MG;-19.003700;-45.962600
2807402;Tobias Barreto;SE;-11.179800;-37.999500
1721109;Tocantínia;TO;-9.563200;-48.374100
1721208;Tocantinópolis;TO;-6.324470;-47.422400
3169000;Tocantins;MG;-21.177400;-43.012700
3169059;Tocos do Moji;MG;-22.369800;-46.097100
3169109;Toledo;MG;-22.742100;-46.372800
4127700;Toledo;PR;-24.724600;-53.741200
2807501;Tomar do Geru;SE;-11.369400;-37.843300
4127809;Tomazina;PR;-23.779600;-49.949900
3169208;Tombos;MG;-20.908600;-42.022800
1508001;Tomé-Açu;PA;-2.413020;-48.141500
1304237;Tonantins;AM;-2.865820;-67.791900
2615409;Toritama;PE;-8.009550;-36.063700
5108204;Torixoréu;MT;-16.200600;-52.557100
4321493;Toropi;RS;-29.478200;-54.224400
3554656;Torre de Pedra;SP;-23.246200;-48.195500
4321501;Torres;RS;-29.333400;-49.733300
3554706;Torrinha;SP;-22.423700;-48.173100
2414407;Touros;RN;-5.201820;-35.462100
3554755;Trabiju;SP;-22.038800;-48.334200
1508035;Tracuateua;PA;-1.076530;-46.903100
2615508;Tracunhaém;PE;-7.802280;-35.231400
2709202;Traipu;AL;-9.962620;-37.007100
1508050;Trairão;PA;-4.573470;-55.942900
2313500;Trairi;CE;-3.269320;-39.268100
3305901;Trajano de Moraes;RJ;-22.063800;-42.064300
4321600;Tramandaí;RS;-29.984100;-50.132200
4321626;Travesseiro;RS;-29.297700;-52.053200
2931806;Tremedal;BA;-14.973600;-41.414200
3554805;Tremembé;SP;-22.957100;-45.547500
4321634;Três Arroios;RS;-27.500300;-52.144800
4218301;Três Barras;SC;-26.105600;-50.319700
4127858;Três Barras do Paraná;PR;-25.418500;-53.183300
4321667;Três Cachoeiras;RS;-29.448700;-49.927500
3169307;Três Corações;MG;-21.692100;-45.251100
4321709;Três Coroas;RS;-29.513700;-50.773900
4321808;Três de Maio;RS;-27.780000;-54.235700
4321832;Três Forquilhas;RS;-29.538400;-50.070800
3554904;Três Fronteiras;SP;-20.234400;-50.890500
5008305;Três Lagoas;MS;-20.784900;-51.700700
3169356;Três Marias;MG;-18.204800;-45.247300
4321857;Três Palmeiras;RS;-27.613900;-52.843700
4321907;Três Passos;RS;-27.455500;-53.929600
3169406;Três Pontas;MG;-21.369400;-45.510900
5221304;Três Ranchos;GO;-18.353900;-47.776000
3306008;Três Rios;RJ;-22.116500;-43.218500
4218350;Treviso;SC;-28.509700;-49.463400
4218400;Treze de Maio;SC;-28.553700;-49.156500
4218509;Treze Tílias;SC;-27.002600;-51.408400
5221403;Trindade;GO;-16.651700;-49.492700
2615607;Trindade;PE;-7.759000;-40.264700
4321956;Trindade do Sul;RS;-27.523900;-52.895600
4322004;Triunfo;RS;-29.929100;-51.707500
2516805;Triunfo;PB;-6.571300;-38.598600
2615706;Triunfo;PE;-7.832720;-38.097800
2414456;Triunfo Potiguar;RN;-5.854080;-37.178600
2112233;Trizidela do Vale;MA;-4.538000;-44.628000
5221452;Trombas;GO;-13.507900;-48.741700
4218608;Trombudo Central;SC;-27.303300;-49.793000
4218707;Tubarão;SC;-28.471300;-49.014400
2931905;Tucano;BA;-10.958400;-38.789400
1508084;Tucumã;PA;-6.746870;-51.162600
4322103;Tucunduva;RS;-27.657300;-54.443900
1508100;Tucuruí;PA;-3.765700;-49.677300
2112274;Tufilândia;MA;-3.673550;-45.623800
3554953;Tuiuti;SP;-22.819300;-46.693700
3169505;Tumiritinga;MG;-18.984400;-41.652700
4218756;Tunápolis;SC;-26.968100;-53.641700
4322152;Tunas;RS;-29.103900;-52.953800
4127882;Tunas do Paraná;PR;-24.973100;-49.087900
4127908;Tuneiras do Oeste;PR;-23.864800;-52.876900
2112308;Tuntum;MA;-5.254760;-44.644400
3555000;Tupã;SP;-21.933500;-50.519100
3169604;Tupaciguara;MG;-18.586600;-48.698500
2615805;Tupanatinga;PE;-8.747980;-37.344500
4322186;Tupanci do Sul;RS;-27.924100;-51.538300
4322202;Tupanciretã;RS;-29.085800;-53.844500
4322251;Tupandi;RS;-29.477200;-51.417400
4322301;Tuparendi;RS;-27.759800;-54.481400
2615904;Tuparetama;PE;-7.600300;-37.316500
4127957;Tupãssi;PR;-24.587900;-53.510500
3555109;Tupi Paulista;SP;-21.382500;-51.575000
1721257;Tupirama;TO;-8.971680;-48.188300
1721307;Tupiratins;TO;-8.393880;-48.127700
2112407;Turiaçu;MA;-1.658930;-45.379800
2112456;Turilândia;MA;-2.216380;-45.304400
3555208;Turiúba;SP;-20.942800;-50.113500
3555307;Turmalina;SP;-20.048600;-50.479200
3169703;Turmalina;MG;-17.282800;-42.728500
4322327;Turuçu;RS;-31.417300;-52.170600
2313559;Tururu;CE;-3.584130;-39.429700
5221502;Turvânia;GO;-16.612500;-50.136900
5221551;Turvelândia;GO;-17.850200;-50.302400
4127965;Turvo;PR;-25.043700;-51.528200
4218806;Turvo;SC;-28.927200;-49.683100
3169802;Turvolândia;MG;-21.873300;-45.785900
2112506;Tutóia;MA;-2.761410;-42.275500
1304260;Uarini;AM;-2.996090;-65.113300
2932002;Uauá;BA;-9.833250;-39.479400
3169901;Ubá;MG;-21.120400;-42.935900
3170008;Ubaí;MG;-16.288500;-44.778300
2932101;Ubaíra;BA;-13.271400;-39.666000
2932200;Ubaitaba;BA;-14.303000;-39.322200
2313609;Ubajara;CE;-3.854480;-40.920400
3170057;Ubaporanga;MG;-19.635100;-42.105900
3555356;Ubarana;SP;-21.165000;-49.719800
2932309;Ubatã;BA;-14.206300;-39.520700
3555406;Ubatuba;SP;-23.433200;-45.083400
3170107;Uberaba;MG;-19.747200;-47.938100
3170206;Uberlândia;MG;-18.914100;-48.274900
3555505;Ubirajara;SP;-22.527200;-49.661300
4128005;Ubiratã;PR;-24.539300;-52.986500
4322343;Ubiretama;RS;-28.040400;-54.686000
3555604;Uchoa;SP;-20.951100;-49.171300
2932408;Uibaí;BA;-11.339400;-42.135400
1400704;Uiramutã;RR;4.603140;-60.181500
5221577;Uirapuru;GO;-14.283500;-49.920100
2516904;Uiraúna;PB;-6.515040;-38.412800
1508126;Ulianópolis;PA;-3.750070;-47.489200
2313708;Umari;CE;-6.638930;-38.700800
2414506;Umarizal;RN;-5.982380;-37.818000
2807600;Umbaúba;SE;-11.380900;-37.662300
2932457;Umburanas;BA;-10.733900;-41.323400
3170305;Umburatiba;MG;-17.254800;-40.577900
2517001;Umbuzeiro;PB;-7.691990;-35.658200
2313757;Umirim;CE;-3.676540;-39.346500
4128104;Umuarama;PR;-23.765600;-53.320100
2932507;Una;BA;-15.279100;-39.076500
3170404;Unaí;MG;-16.359200;-46.902200
2211100;União;PI;-4.585710;-42.858300
4322350;União da Serra;RS;-28.783300;-52.023800
4128203;União da Vitória;PR;-26.227300;-51.087300
3170438;União de Minas;MG;-19.529900;-50.338000
4218855;União do Oeste;SC;-26.762000;-52.854100
5108303;União do Sul;MT;-11.530800;-54.361600
2709301;União dos Palmares;AL;-9.159210;-36.022300
3555703;União Paulista;SP;-20.886200;-49.902500
4128302;Uniflor;PR;-23.086800;-52.157300
4322376;Unistalda;RS;-29.040000;-55.151700
2414605;Upanema;RN;-5.637610;-37.263500
4128401;Uraí;PR;-23.200000;-50.793900
2932606;Urandi;BA;-14.767800;-42.649800
3555802;Urânia;SP;-20.245500;-50.645500
2112605;Urbano Santos;MA;-3.206420;-43.387800
3555901;Uru;SP;-21.786600;-49.284800
5221601;Uruaçu;GO;-14.523800;-49.139600
5221700;Uruana;GO;-15.499300;-49.686100
3170479;Uruana de Minas;MG;-16.063400;-46.244300
1508159;Uruará;PA;-3.715190;-53.739600
4218905;Urubici;SC;-28.015700;-49.592500
2313807;Uruburetama;CE;-3.623160;-39.510700
3170503;Urucânia;MG;-20.352100;-42.737000
1304302;Urucará;AM;-2.529360;-57.753800
2932705;Uruçuca;BA;-14.596300;-39.285100
2211209;Uruçuí;PI;-7.239440;-44.557700
3170529;Urucuia;MG;-16.124400;-45.735200
1304401;Urucurituba;AM;-3.128410;-58.149600
4322400;Uruguaiana;RS;-29.761400;-57.085300
2313906;Uruoca;CE;-3.308190;-40.562800
1101708;Urupá;RO;-11.126100;-62.363900
4218954;Urupema;SC;-27.955700;-49.872900
3556008;Urupês;SP;-21.203200;-49.293100
4219002;Urussanga;SC;-28.518000;-49.323800
5221809;Urutaí;GO;-17.465100;-48.201500
2932804;Utinga;BA;-12.078300;-41.095400
4322509;Vacaria;RS;-28.507900;-50.941800
5108352;Vale de São Domingos;MT;-15.286000;-59.068300
1101757;Vale do Anari;RO;-9.862150;-62.187600
1101807;Vale do Paraíso;RO;-10.446500;-62.135200
4322533;Vale do Sol;RS;-29.596700;-52.683900
4322541;Vale Real;RS;-29.391900;-51.255900
4322525;Vale Verde;RS;-29.786400;-52.185700
2932903;Valença;BA;-13.366900;-39.073000
3306107;Valença;RJ;-22.244500;-43.712900
2211308;Valença do Piauí;PI;-6.403010;-41.737500
2933000;Valente;BA;-11.406200;-39.457000
3556107;Valentim Gentil;SP;-20.421700;-50.088900
3556206;Valinhos;SP;-22.969800;-46.997400
3556305;Valparaíso;SP;-21.222900;-50.869900
5221858;Valparaíso de Goiás;GO;-16.065100;-47.975700
4322558;Vanini;RS;-28.475800;-51.844700
4219101;Vargeão;SC;-26.862100;-52.154900
4219150;Vargem;SC;-27.486700;-50.972400
3556354;Vargem;SP;-22.887000;-46.412400
3170578;Vargem Alegre;MG;-19.598800;-42.294900
3205036;Vargem Alta;ES;-20.669000;-41.017900
3170602;Vargem Bonita;MG;-20.333300;-46.368800
4219176;Vargem Bonita;SC;-27.005500;-51.740200
2112704;Vargem Grande;MA;-3.536390;-43.917000
3170651;Vargem Grande do Rio Pardo;MG;-15.398700;-42.308500
3556404;Vargem Grande do Sul;SP;-21.832200;-46.891300
3556453;Vargem Grande Paulista;SP;-23.599300;-47.022000
3170701;Varginha;MG;-21.555600;-45.436400
5221908;Varjão;GO;-17.047100;-49.631200
3170750;Varjão de Minas;MG;-18.374100;-46.031300
2313955;Varjota;CE;-4.193870;-40.474100
3306156;Varre-Sai;RJ;-20.927600;-41.870100
2414704;Várzea;RN;-6.346410;-35.373200
2517100;Várzea;PB;-6.761890;-36.991300
2314003;Várzea Alegre;CE;-6.782640;-39.294200
2211357;Várzea Branca;PI;-9.238000;-42.969200
3170800;Várzea da Palma;MG;-17.594400;-44.722600
2933059;Várzea da Roça;BA;-11.600500;-40.132800
2933109;Várzea do Poço;BA;-11.527300;-40.314900
2211407;Várzea Grande;PI;-6.548990;-42.248000
5108402;Várzea Grande;MT;-15.645800;-56.132200
2933158;Várzea Nova;BA;-11.255700;-40.943200
3556503;Várzea Paulista;SP;-23.213600;-46.823400
2933174;Varzedo;BA;-12.967200;-39.391900
3170909;Varzelândia;MG;-15.699200;-44.027800
3306206;Vassouras;RJ;-22.405900;-43.668600
3171006;Vazante;MG;-17.982700;-46.908800
4322608;Venâncio Aires;RS;-29.614300;-52.193200
3205069;Venda Nova do Imigrante;ES;-20.327000;-41.135500
2414753;Venha-Ver;RN;-6.320160;-38.489600
4128534;Ventania;PR;-24.245800;-50.237600
2616001;Venturosa;PE;-8.578850;-36.874200
5108501;Vera;MT;-12.301700;-55.304500
2414803;Vera Cruz;RN;-6.043990;-35.428000
2933208;Vera Cruz;BA;-12.956800;-38.615300
4322707;Vera Cruz;RS;-29.718400;-52.515200
3556602;Vera Cruz;SP;-22.218300;-49.820700
4128559;Vera Cruz do Oeste;PR;-25.057700;-53.877100
2211506;Vera Mendes;PI;-7.597480;-41.467300
4322806;Veranópolis;RS;-28.931200;-51.551600
2616100;Verdejante;PE;-7.922350;-38.970100
3171030;Verdelândia;MG;-15.584500;-43.612100
4128609;Verê;PR;-25.877200;-52.905100
2933257;Vereda;BA;-17.218300;-40.097400
3171071;Veredinha;MG;-17.397400;-42.730700
3171105;Veríssimo;MG;-19.665700;-48.311800
3171154;Vermelho Novo;MG;-20.040600;-42.268800
2616183;Vertente do Lério;PE;-7.770840;-35.849100
2616209;Vertentes;PE;-7.901580;-35.968100
3171204;Vespasiano;MG;-19.688300;-43.923900
4322855;Vespasiano Corrêa;RS;-29.065500;-51.862500
4322905;Viadutos;RS;-27.571600;-52.021100
4323002;Viamão;RS;-30.081900;-51.019400
3205101;Viana;ES;-20.382500;-40.493300
2112803;Viana;MA;-3.204510;-44.991200
5222005;Vianópolis;GO;-16.740500;-48.515900
2616308;Vicência;PE;-7.656550;-35.313900
4323101;Vicente Dutra;RS;-27.160700;-53.402200
5008404;Vicentina;MS;-22.409800;-54.441500
5222054;Vicentinópolis;GO;-17.732200;-49.804700
2414902;Viçosa;RN;-5.982530;-37.946200
2709400;Viçosa;AL;-9.367630;-36.243100
3171303;Viçosa;MG;-20.755900;-42.874200
2314102;Viçosa do Ceará;CE;-3.566700;-41.091600
4323200;Victor Graeff;RS;-28.563200;-52.749500
4219200;Vidal Ramos;SC;-27.388600;-49.359300
4219309;Videira;SC;-27.008600;-51.154300
3171402;Vieiras;MG;-20.867000;-42.240100
2517209;Vieirópolis;PB;-6.506840;-38.256700
1508209;Vigia;PA;-0.861194;-48.138600
5105507;Vila Bela da Santíssima Trindade;MT;-15.006800;-59.950400
5222203;Vila Boa;GO;-15.038700;-47.052000
2415008;Vila Flor;RN;-6.312870;-35.067000
4323309;Vila Flores;RS;-28.859800;-51.550400
4323358;Vila Lângaro;RS;-28.106200;-52.143800
4323408;Vila Maria;RS;-28.535900;-52.148600
2211605;Vila Nova do Piauí;PI;-7.132720;-40.934500
4323457;Vila Nova do Sul;RS;-30.346100;-53.876000
2112852;Vila Nova dos Martírios;MA;-5.188890;-48.133600
3205150;Vila Pavão;ES;-18.609100;-40.609000
5222302;Vila Propício;GO;-15.454200;-48.881900
5108600;Vila Rica;MT;-10.013700;-51.118600
3205176;Vila Valério;ES;-18.995800;-40.384900
3205200;Vila Velha;ES;-20.341700;-40.287500
1100304;Vilhena;RO;-12.750200;-60.148800
3556701;Vinhedo;SP;-23.030200;-46.983300
3556800;Viradouro;SP;-20.873400;-48.293000
3171600;Virgem da Lapa;MG;-16.807000;-42.343100
3171709;Virgínia;MG;-22.326400;-45.096500
3171808;Virginópolis;MG;-18.815400;-42.701500
3171907;Virgolândia;MG;-18.473800;-42.306700
4128658;Virmond;PR;-25.382900;-52.198700
3172004;Visconde do Rio Branco;MG;-21.012700;-42.836100
1508308;Viseu;PA;-1.191240;-46.139900
4323507;Vista Alegre;RS;-27.368600;-53.491900
3556909;Vista Alegre do Alto;SP;-21.169200;-48.628400
4323606;Vista Alegre do Prata;RS;-28.805200;-51.794700
4323705;Vista Gaúcha;RS;-27.290200;-53.697400
2505501;Vista Serrana;PB;-6.730300;-37.570400
4219358;Vitor Meireles;SC;-26.878200;-49.832800
3205309;Vitória;ES;-20.315500;-40.312800
3556958;Vitória Brasil;SP;-20.195600;-50.487500
2933307;Vitória da Conquista;BA;-14.861500;-40.844200
4323754;Vitória das Missões;RS;-28.351600;-54.504000
2616407;Vitória de Santo Antão;PE;-8.128190;-35.297600
1600808;Vitória do Jari;AP;-0.938000;-52.424000
2112902;Vitória do Mearim;MA;-3.451250;-44.864300
1508357;Vitória do Xingu;PA;-2.879220;-52.008800
4128708;Vitorino;PR;-26.268300;-52.784300
2113009;Vitorino Freire;MA;-4.281840;-45.250500
3172103;Volta Grande;MG;-21.767100;-42.537500
3306305;Volta Redonda;RJ;-22.520200;-44.099600
3557006;Votorantim;SP;-23.544600;-47.438800
3557105;Votuporanga;SP;-20.423700;-49.978100
2933406;Wagner;BA;-12.281900;-41.171500
2211704;Wall Ferraz;PI;-7.231510;-41.905000
1722081;Wanderlândia;TO;-6.852740;-47.960100
2933455;Wanderley;BA;-12.114400;-43.895800
3172202;Wenceslau Braz;MG;-22.536800;-45.362600
4128500;Wenceslau Braz;PR;-23.874200;-49.803200
2933505;Wenceslau Guimarães;BA;-13.690800;-39.476200
4323770;Westfália;RS;-29.426300;-51.764500
4219408;Witmarsum;SC;-26.927500;-49.794700
1722107;Xambioá;TO;-6.414100;-48.532000
4128807;Xambrê;PR;-23.736400;-53.488400
4323804;Xangri-lá;RS;-29.806500;-50.051900
4219507;Xanxerê;SC;-26.874700;-52.403600
1200708;Xapuri;AC;-10.651600;-68.496900
4219606;Xavantina;SC;-27.066700;-52.343000
4219705;Xaxim;SC;-26.959600;-52.537400
2616506;Xexéu;PE;-8.804600;-35.621200
1508407;Xinguara;PA;-7.098300;-49.943700
2933604;Xique-Xique;BA;-10.823000;-42.724500
2517407;Zabelê;PB;-8.079010;-37.105700
3557154;Zacarias;SP;-21.050600;-50.055200
2114007;Zé Doca;MA;-3.270140;-45.655300
4219853;Zortéa;SC;-27.452100;-51.552000
5101837;Boa Esperança do Norte;MT;-13.506700;-55.148600
